-- phpMyAdmin SQL Dump
-- version 5.2.1
-- https://www.phpmyadmin.net/
--
-- Host: 127.0.0.1:3306
-- Generation Time: Jan 21, 2025 at 09:42 AM
-- Server version: 8.3.0
-- PHP Version: 8.3.6

SET SQL_MODE = "NO_AUTO_VALUE_ON_ZERO";
START TRANSACTION;
SET time_zone = "+00:00";


/*!40101 SET @OLD_CHARACTER_SET_CLIENT=@@CHARACTER_SET_CLIENT */;
/*!40101 SET @OLD_CHARACTER_SET_RESULTS=@@CHARACTER_SET_RESULTS */;
/*!40101 SET @OLD_COLLATION_CONNECTION=@@COLLATION_CONNECTION */;
/*!40101 SET NAMES utf8mb4 */;

--
-- Database: `school`
--
CREATE DATABASE IF NOT EXISTS `school` DEFAULT CHARACTER SET utf8mb4 COLLATE utf8mb4_general_ci;
USE `school`;

-- --------------------------------------------------------

--
-- Table structure for table `assign_class_teacher`
--

DROP TABLE IF EXISTS `assign_class_teacher`;
CREATE TABLE IF NOT EXISTS `assign_class_teacher` (
  `id` int NOT NULL AUTO_INCREMENT,
  `class_id` int DEFAULT NULL,
  `teacher_id` int DEFAULT NULL,
  `status` tinyint NOT NULL DEFAULT '0',
  `is_delete` tinyint NOT NULL DEFAULT '0',
  `created_by` int DEFAULT NULL,
  `created_at` timestamp NULL DEFAULT NULL,
  `updated_at` timestamp NULL DEFAULT NULL,
  PRIMARY KEY (`id`)
) ENGINE=MyISAM AUTO_INCREMENT=85 DEFAULT CHARSET=utf8mb4 COLLATE=utf8mb4_general_ci;

--
-- Dumping data for table `assign_class_teacher`
--

INSERT INTO `assign_class_teacher` (`id`, `class_id`, `teacher_id`, `status`, `is_delete`, `created_by`, `created_at`, `updated_at`) VALUES
(1, 4, 42, 0, 0, 19, '2024-12-04 09:47:43', '2024-12-04 09:47:43'),
(2, 4, 41, 0, 0, 19, '2024-12-04 09:47:43', '2024-12-04 09:47:43'),
(3, 4, 40, 0, 0, 19, '2024-12-04 09:47:43', '2024-12-04 09:47:43'),
(4, 4, 39, 0, 0, 19, '2024-12-04 09:47:43', '2024-12-04 09:47:43'),
(5, 4, 38, 0, 0, 19, '2024-12-04 09:47:43', '2024-12-04 09:47:43'),
(6, 4, 2, 0, 0, 19, '2024-12-04 09:47:43', '2024-12-04 09:47:43'),
(7, 1, 42, 0, 0, 19, '2024-12-04 09:48:26', '2024-12-04 09:48:26'),
(8, 1, 41, 0, 0, 19, '2024-12-04 09:48:26', '2024-12-04 09:48:26'),
(9, 1, 40, 0, 0, 19, '2024-12-04 09:48:26', '2024-12-04 09:48:26'),
(10, 2, 42, 0, 0, 19, '2024-12-04 10:04:49', '2024-12-04 10:04:49'),
(11, 2, 40, 0, 0, 19, '2024-12-04 10:04:49', '2024-12-04 10:04:49'),
(12, 2, 2, 0, 0, 19, '2024-12-04 10:04:49', '2024-12-04 10:04:49'),
(82, 3, 39, 1, 1, 19, '2024-12-10 04:57:40', '2024-12-10 05:10:25'),
(81, 3, 40, 0, 0, 19, '2024-12-10 04:57:40', '2024-12-10 04:57:40'),
(80, 3, 42, 0, 0, 19, '2024-12-10 04:57:40', '2024-12-10 04:57:40'),
(16, 5, 42, 0, 0, 19, '2024-12-04 10:11:25', '2024-12-04 10:11:25'),
(17, 5, 41, 0, 0, 19, '2024-12-04 10:11:25', '2024-12-04 10:11:25'),
(18, 5, 40, 0, 0, 19, '2024-12-04 10:11:25', '2024-12-04 10:11:25'),
(19, 5, 39, 0, 0, 19, '2024-12-04 10:11:25', '2024-12-04 10:11:25'),
(20, 5, 38, 0, 0, 19, '2024-12-04 10:11:25', '2024-12-04 10:11:25'),
(21, 5, 2, 0, 0, 19, '2024-12-04 10:11:25', '2024-12-04 10:11:25'),
(22, 1, 39, 0, 0, 19, '2024-12-04 10:11:39', '2024-12-04 10:11:39'),
(23, 1, 38, 0, 0, 19, '2024-12-04 10:11:39', '2024-12-04 10:11:39'),
(24, 1, 2, 0, 0, 19, '2024-12-04 10:11:39', '2024-12-04 10:11:39'),
(25, 8, 42, 0, 0, 19, '2024-12-04 10:20:10', '2024-12-04 10:20:10'),
(26, 8, 41, 0, 0, 19, '2024-12-04 10:20:10', '2024-12-04 10:20:10'),
(27, 8, 40, 0, 0, 19, '2024-12-04 10:20:10', '2024-12-04 10:20:10'),
(28, 8, 39, 0, 0, 19, '2024-12-04 10:20:10', '2024-12-04 10:20:10'),
(29, 8, 38, 0, 0, 19, '2024-12-04 10:20:10', '2024-12-04 10:20:10'),
(30, 8, 2, 0, 0, 19, '2024-12-04 10:20:10', '2024-12-04 10:20:10'),
(31, 12, 42, 0, 0, 19, '2024-12-04 10:20:20', '2024-12-04 10:20:20'),
(32, 12, 41, 0, 0, 19, '2024-12-04 10:20:20', '2024-12-04 10:20:20'),
(33, 12, 40, 0, 0, 19, '2024-12-04 10:20:20', '2024-12-04 10:20:20'),
(34, 12, 39, 0, 0, 19, '2024-12-04 10:20:20', '2024-12-04 10:20:20'),
(35, 12, 38, 0, 0, 19, '2024-12-04 10:20:20', '2024-12-04 10:20:20'),
(36, 12, 2, 0, 0, 19, '2024-12-04 10:20:20', '2024-12-04 10:20:20'),
(37, 6, 42, 0, 0, 1, '2024-12-04 10:24:12', '2024-12-04 10:24:12'),
(38, 6, 41, 0, 0, 1, '2024-12-04 10:24:12', '2024-12-04 10:24:12'),
(39, 6, 40, 0, 0, 1, '2024-12-04 10:24:12', '2024-12-04 10:24:12'),
(40, 6, 39, 0, 0, 1, '2024-12-04 10:24:12', '2024-12-04 10:24:12'),
(41, 6, 38, 0, 0, 1, '2024-12-04 10:24:12', '2024-12-04 10:24:12'),
(42, 6, 2, 0, 0, 1, '2024-12-04 10:24:12', '2024-12-04 10:24:12'),
(44, 9, 40, 0, 0, 1, '2024-12-04 10:24:42', '2024-12-04 10:24:42'),
(45, 9, 39, 0, 0, 1, '2024-12-04 10:24:42', '2024-12-04 10:24:42'),
(46, 9, 38, 0, 0, 1, '2024-12-04 10:24:42', '2024-12-04 10:24:42'),
(47, 9, 2, 0, 0, 1, '2024-12-04 10:24:42', '2024-12-04 10:24:42'),
(79, 3, 43, 0, 0, 19, '2024-12-10 04:57:40', '2024-12-10 05:11:58'),
(77, 2, 43, 0, 0, 19, '2024-12-10 01:49:32', '2024-12-10 01:49:32'),
(76, 7, 40, 0, 0, 19, '2024-12-09 11:11:00', '2024-12-09 11:12:53'),
(75, 7, 41, 0, 0, 19, '2024-12-09 11:11:00', '2024-12-09 11:12:56'),
(68, 11, 39, 0, 0, 19, '2024-12-09 10:47:42', '2024-12-09 11:13:02'),
(67, 11, 40, 0, 0, 19, '2024-12-09 10:47:42', '2024-12-09 10:47:42'),
(64, 10, 42, 1, 0, 19, '2024-12-09 10:47:25', '2024-12-09 10:47:25'),
(83, 1, 43, 0, 0, 19, '2024-12-12 03:23:05', '2024-12-12 03:23:05'),
(66, 10, 40, 1, 0, 19, '2024-12-09 10:47:25', '2024-12-09 10:47:25'),
(65, 10, 41, 1, 0, 19, '2024-12-09 10:47:25', '2024-12-09 10:47:25'),
(74, 7, 42, 0, 0, 19, '2024-12-09 11:11:00', '2024-12-09 11:11:00'),
(84, 6, 43, 0, 0, 1, '2025-01-15 08:14:03', '2025-01-15 08:14:03');

-- --------------------------------------------------------

--
-- Table structure for table `chat`
--

DROP TABLE IF EXISTS `chat`;
CREATE TABLE IF NOT EXISTS `chat` (
  `id` int NOT NULL AUTO_INCREMENT,
  `sender_id` int DEFAULT NULL,
  `receiver_id` int DEFAULT NULL,
  `message` text COLLATE utf8mb4_general_ci,
  `file` varchar(255) COLLATE utf8mb4_general_ci DEFAULT NULL,
  `status` tinyint NOT NULL DEFAULT '0' COMMENT '0:not read, 1:read',
  `created_date` int DEFAULT NULL,
  `created_at` timestamp NULL DEFAULT NULL,
  `updated_at` timestamp NULL DEFAULT NULL,
  PRIMARY KEY (`id`)
) ENGINE=MyISAM AUTO_INCREMENT=228 DEFAULT CHARSET=utf8mb4 COLLATE=utf8mb4_general_ci;

--
-- Dumping data for table `chat`
--

INSERT INTO `chat` (`id`, `sender_id`, `receiver_id`, `message`, `file`, `status`, `created_date`, `created_at`, `updated_at`) VALUES
(1, 19, 44, 'Hi That is Testing Thirt', NULL, 0, 1737136729, '2025-01-17 13:28:49', '2025-01-17 13:28:49'),
(2, 19, 44, 'Hi', NULL, 0, 1737176149, '2025-01-18 00:25:49', '2025-01-18 00:25:49'),
(3, 19, 18, 'hi', NULL, 0, 1737176416, '2025-01-18 00:30:16', '2025-01-18 00:30:16'),
(4, 44, 19, 'Hi That is Testing Thirt (2)', NULL, 1, 1737136729, '2025-01-17 13:28:49', '2025-01-19 01:46:39'),
(5, 19, 44, 'How are you?', NULL, 0, 1737178133, '2025-01-18 00:58:53', '2025-01-18 00:58:53'),
(6, 19, 44, 'Are you fine?', NULL, 0, 1737178171, '2025-01-18 00:59:31', '2025-01-18 00:59:31'),
(7, 19, 44, 'Are you fine?', NULL, 0, 1737178222, '2025-01-18 01:00:22', '2025-01-18 01:00:22'),
(8, 19, 44, 'Are you fine?', NULL, 0, 1737178242, '2025-01-18 01:00:42', '2025-01-18 01:00:42'),
(9, 19, 44, 'Are you fine?', NULL, 0, 1737178254, '2025-01-18 01:00:54', '2025-01-18 01:00:54'),
(10, 19, 44, 'Are you fine?', NULL, 0, 1737178270, '2025-01-18 01:01:10', '2025-01-18 01:01:10'),
(11, 1, 44, 'Hi', NULL, 0, 1737178653, '2025-01-18 01:07:33', '2025-01-18 01:07:33'),
(12, 1, 44, 'Hi', NULL, 0, 1737178659, '2025-01-18 01:07:39', '2025-01-18 01:07:39'),
(13, 1, 44, 'Hi', NULL, 0, 1737178683, '2025-01-18 01:08:03', '2025-01-18 01:08:03'),
(14, 1, 44, 'Hi', NULL, 0, 1737178741, '2025-01-18 01:09:01', '2025-01-18 01:09:01'),
(15, 1, 19, 'Hi', NULL, 1, 1737178790, '2025-01-18 01:09:50', '2025-01-19 01:46:46'),
(16, 19, 44, 'Are you Ok?', NULL, 0, 1737178956, '2025-01-18 01:12:36', '2025-01-18 01:12:36'),
(17, 19, 44, 'Says????', NULL, 0, 1737179086, '2025-01-18 01:14:46', '2025-01-18 01:14:46'),
(18, 19, 44, 'Hi', NULL, 0, 1737179452, '2025-01-18 01:20:52', '2025-01-18 01:20:52'),
(19, 19, 44, 'How are you', NULL, 0, 1737179460, '2025-01-18 01:21:00', '2025-01-18 01:21:00'),
(20, 19, 18, 'how are you', NULL, 0, 1737179605, '2025-01-18 01:23:25', '2025-01-18 01:23:25'),
(21, 19, 18, 'are you fine', NULL, 0, 1737179615, '2025-01-18 01:23:35', '2025-01-18 01:23:35'),
(22, 19, 18, 'are you ok', NULL, 0, 1737179628, '2025-01-18 01:23:48', '2025-01-18 01:23:48'),
(23, 19, 18, 'hi', NULL, 0, 1737179695, '2025-01-18 01:24:55', '2025-01-18 01:24:55'),
(24, 19, 44, 'Hi', NULL, 0, 1737179752, '2025-01-18 01:25:52', '2025-01-18 01:25:52'),
(25, 44, 19, 'Hi', NULL, 1, 1737179908, '2025-01-18 01:28:28', '2025-01-19 01:46:39'),
(26, 19, 44, 'how are you', NULL, 0, 1737179936, '2025-01-18 01:28:56', '2025-01-18 01:28:56'),
(27, 44, 19, 'hi', NULL, 1, 1737179943, '2025-01-18 01:29:03', '2025-01-19 01:46:39'),
(28, 19, 43, 'Hi', NULL, 1, 1737187728, '2025-01-18 03:38:48', '2025-01-19 09:46:37'),
(29, 19, 43, 'How are you', NULL, 1, 1737188119, '2025-01-18 03:45:19', '2025-01-19 09:46:37'),
(30, 19, 43, 'are you ok?', NULL, 1, 1737188130, '2025-01-18 03:45:30', '2025-01-19 09:46:37'),
(31, 19, 43, 'Hi', NULL, 1, 1737189929, '2025-01-18 04:15:29', '2025-01-19 09:46:37'),
(32, 19, 43, 'How are You', NULL, 1, 1737189946, '2025-01-18 04:15:46', '2025-01-19 09:46:37'),
(33, 19, 44, 'how are you', NULL, 0, 1737190100, '2025-01-18 04:18:20', '2025-01-18 04:18:20'),
(34, 19, 43, 'Are fine', NULL, 1, 1737190111, '2025-01-18 04:18:31', '2025-01-19 09:46:37'),
(35, 43, 19, 'Hi', NULL, 1, 1737190142, '2025-01-18 04:19:02', '2025-01-19 01:47:58'),
(36, 43, 19, 'Hi', NULL, 1, 1737190630, '2025-01-18 04:27:10', '2025-01-19 01:47:58'),
(37, 19, 37, 'Hi', NULL, 1, 1737190725, '2025-01-18 04:28:45', '2025-01-19 03:58:43'),
(38, 19, 37, 'How are u', NULL, 1, 1737190735, '2025-01-18 04:28:55', '2025-01-19 03:58:43'),
(39, 19, 46, 'Salam', NULL, 0, 1737190823, '2025-01-18 04:30:23', '2025-01-18 04:30:23'),
(40, 19, 27, 'Hi', NULL, 0, 1737190860, '2025-01-18 04:31:00', '2025-01-18 04:31:00'),
(41, 19, 27, 'How are you', NULL, 0, 1737190867, '2025-01-18 04:31:07', '2025-01-18 04:31:07'),
(42, 43, 19, 'Hi', NULL, 1, 1737191149, '2025-01-18 04:35:49', '2025-01-19 01:47:58'),
(43, 1, 43, 'Hi', NULL, 1, 1737191200, '2025-01-18 04:36:40', '2025-01-19 09:46:41'),
(44, 1, 43, 'How are you', NULL, 1, 1737191209, '2025-01-18 04:36:49', '2025-01-19 09:46:41'),
(45, 1, 26, 'Salam', NULL, 0, 1737191260, '2025-01-18 04:37:40', '2025-01-18 04:37:40'),
(46, 19, 28, 'Salam', NULL, 0, 1737191282, '2025-01-18 04:38:02', '2025-01-18 04:38:02'),
(47, 19, 4, 'Hi', NULL, 1, 1737191299, '2025-01-18 04:38:19', '2025-01-19 01:49:38'),
(48, 19, 29, 'Salam', NULL, 0, 1737191328, '2025-01-18 04:38:48', '2025-01-18 04:38:48'),
(49, 19, 38, 'Hi', NULL, 0, 1737191339, '2025-01-18 04:38:59', '2025-01-18 04:38:59'),
(50, 19, 32, 'Hi', NULL, 0, 1737191351, '2025-01-18 04:39:11', '2025-01-18 04:39:11'),
(51, 19, 32, 'sala', NULL, 0, 1737191368, '2025-01-18 04:39:28', '2025-01-18 04:39:28'),
(52, 19, 32, 'Hi', NULL, 0, 1737191372, '2025-01-18 04:39:32', '2025-01-18 04:39:32'),
(53, 19, 32, 'Hi', NULL, 0, 1737191377, '2025-01-18 04:39:37', '2025-01-18 04:39:37'),
(54, 19, 32, 'how are u', NULL, 0, 1737191383, '2025-01-18 04:39:43', '2025-01-18 04:39:43'),
(55, 19, 35, 'Hi', NULL, 0, 1737191403, '2025-01-18 04:40:03', '2025-01-18 04:40:03'),
(56, 19, 36, 'Hi', NULL, 0, 1737191419, '2025-01-18 04:40:19', '2025-01-18 04:40:19'),
(57, 19, 37, 'How are you?', NULL, 1, 1737191437, '2025-01-18 04:40:37', '2025-01-19 03:58:43'),
(58, 19, 17, 'Hi', NULL, 0, 1737191448, '2025-01-18 04:40:48', '2025-01-18 04:40:48'),
(59, 19, 13, 'Hi', NULL, 1, 1737191457, '2025-01-18 04:40:57', '2025-01-19 03:57:55'),
(60, 19, 37, 'salam', NULL, 1, 1737191471, '2025-01-18 04:41:11', '2025-01-19 03:58:43'),
(61, 19, 16, 'Salam', NULL, 0, 1737191508, '2025-01-18 04:41:48', '2025-01-18 04:41:48'),
(62, 19, 3, 'Salam', NULL, 0, 1737191535, '2025-01-18 04:42:15', '2025-01-18 04:42:15'),
(63, 19, 21, 'Hi', NULL, 0, 1737191558, '2025-01-18 04:42:38', '2025-01-18 04:42:38'),
(64, 1, 14, 'Hi', NULL, 0, 1737195799, '2025-01-18 05:53:19', '2025-01-18 05:53:19'),
(65, 19, 37, 'Wosht', NULL, 1, 1737197022, '2025-01-18 06:13:42', '2025-01-19 03:58:43'),
(66, 19, 3, 'Hi', NULL, 0, 1737197035, '2025-01-18 06:13:55', '2025-01-18 06:13:55'),
(67, 19, 16, 'Salam', NULL, 0, 1737197045, '2025-01-18 06:14:05', '2025-01-18 06:14:05'),
(68, 19, 37, 'Wosth', NULL, 1, 1737197100, '2025-01-18 06:15:00', '2025-01-19 03:58:43'),
(69, 19, 37, 'How are you', NULL, 1, 1737197146, '2025-01-18 06:15:46', '2025-01-19 03:58:43'),
(70, 19, 43, 'Hi', NULL, 1, 1737198444, '2025-01-18 06:37:24', '2025-01-19 09:46:37'),
(71, 19, 43, 'How are you', NULL, 1, 1737198456, '2025-01-18 06:37:36', '2025-01-19 09:46:37'),
(72, 19, 40, 'Hi', NULL, 0, 1737198564, '2025-01-18 06:39:24', '2025-01-18 06:39:24'),
(73, 19, 41, 'Hi', NULL, 0, 1737198716, '2025-01-18 06:41:56', '2025-01-18 11:06:15'),
(74, 19, 16, 'Hi', NULL, 0, 1737199098, '2025-01-18 06:48:18', '2025-01-18 06:48:18'),
(75, 19, 29, 'Babak', NULL, 0, 1737199113, '2025-01-18 06:48:33', '2025-01-18 06:48:33'),
(76, 1, 19, 'Hi', NULL, 1, 1737199182, '2025-01-18 06:49:42', '2025-01-19 01:46:46'),
(77, 1, 19, 'How are you', NULL, 1, 1737199194, '2025-01-18 06:49:54', '2025-01-19 01:46:46'),
(78, 1, 19, '23', NULL, 1, 1737199198, '2025-01-18 06:49:58', '2025-01-19 01:46:46'),
(79, 19, 1, 'How are you too', NULL, 0, 1737199212, '2025-01-18 06:50:12', '2025-01-18 06:50:16'),
(80, 1, 14, 'Hi', NULL, 0, 1737205734, '2025-01-18 08:38:54', '2025-01-18 08:38:54'),
(81, 1, 14, 'How are you', NULL, 0, 1737205751, '2025-01-18 08:39:11', '2025-01-18 08:39:11'),
(82, 1, 36, 'Hi', NULL, 0, 1737205772, '2025-01-18 08:39:32', '2025-01-18 08:39:32'),
(83, 1, 35, 'Hi', NULL, 0, 1737205788, '2025-01-18 08:39:48', '2025-01-18 08:39:48'),
(84, 1, 43, 'Hi', NULL, 1, 1737206045, '2025-01-18 08:44:05', '2025-01-19 09:46:41'),
(85, 1, 43, 'How are you', NULL, 1, 1737206055, '2025-01-18 08:44:15', '2025-01-19 09:46:41'),
(86, 19, 16, 'Hi', NULL, 0, 1737208341, '2025-01-18 09:22:21', '2025-01-18 09:22:21'),
(87, 19, 11, 'Hi', NULL, 0, 1737208678, '2025-01-18 09:27:58', '2025-01-18 09:27:58'),
(88, 1, 19, 'Hi', NULL, 1, 1737209606, '2025-01-18 09:43:26', '2025-01-19 01:46:46'),
(89, 1, 19, 'How are you', NULL, 1, 1737209612, '2025-01-18 09:43:32', '2025-01-19 01:46:46'),
(90, 1, 43, 'Hi', NULL, 1, 1737210627, '2025-01-18 10:00:27', '2025-01-19 09:46:41'),
(91, 19, 16, 'Hi', NULL, 0, 1737211682, '2025-01-18 10:18:02', '2025-01-18 10:18:02'),
(92, 19, 1, 'hi', NULL, 0, 1737211833, '2025-01-18 10:20:33', '2025-01-18 10:29:05'),
(93, 1, 19, 'Hi', NULL, 1, 1737212363, '2025-01-18 10:29:23', '2025-01-19 01:46:46'),
(94, 1, 19, 'and we should test for all the message for all things', NULL, 1, 1737213312, '2025-01-18 10:45:12', '2025-01-19 01:46:46'),
(95, 19, 1, 'and we should test for all the message for all things and we should test for all the message for all things', NULL, 0, 1737213396, '2025-01-18 10:46:36', '2025-01-18 13:06:13'),
(96, 1, 19, 'and we should test for all the message for all things and we should test for all the message for all things and we should test for all the message for all things', NULL, 1, 1737213414, '2025-01-18 10:46:54', '2025-01-19 01:46:46'),
(97, 19, 1, '24', NULL, 0, 1737213771, '2025-01-18 10:52:51', '2025-01-18 13:06:13'),
(98, 37, 19, 'Hi', NULL, 1, 1737213910, '2025-01-18 10:55:10', '2025-01-19 01:47:53'),
(99, 37, 32, 'Hi', NULL, 0, 1737214167, '2025-01-18 10:59:27', '2025-01-18 10:59:27'),
(100, 37, 34, 'Hi', NULL, 0, 1737214325, '2025-01-18 11:02:05', '2025-01-18 11:02:05'),
(101, 37, 31, 'Hi', NULL, 0, 1737214389, '2025-01-18 11:03:09', '2025-01-18 11:03:09'),
(102, 37, 27, 'Hi', NULL, 0, 1737214412, '2025-01-18 11:03:32', '2025-01-18 11:03:32'),
(103, 37, 23, 'Hi', NULL, 0, 1737214421, '2025-01-18 11:03:41', '2025-01-18 11:03:41'),
(104, 19, 37, 'Salam', NULL, 1, 1737214714, '2025-01-18 11:08:34', '2025-01-19 03:58:43'),
(105, 19, 4, 'Salam', NULL, 1, 1737214721, '2025-01-18 11:08:41', '2025-01-19 01:49:38'),
(106, 1, 19, 'Test', '20250118054814sj2swqmyk67pmfg0hntj.jpg', 1, 1737222494, '2025-01-18 13:18:14', '2025-01-19 01:46:46'),
(107, 19, 37, 'Test for image', '20250118054829nb6gsrimqz4ku1reymuw.jpg', 1, 1737222509, '2025-01-18 13:18:29', '2025-01-19 03:58:43'),
(108, 19, 37, 'Image Test', '20250118055044rlhq0viiozwzjijikzql.jpg', 1, 1737222644, '2025-01-18 13:20:44', '2025-01-19 03:58:43'),
(109, 19, 37, 'Test', '20250118060525jr0z4hlkrjptbqd8hixj.pdf', 1, 1737223525, '2025-01-18 13:35:25', '2025-01-19 03:58:43'),
(127, 4, 19, 'How are You', NULL, 1, 1737267593, '2025-01-19 01:49:53', '2025-01-19 02:16:00'),
(110, 37, 19, 'Ok got it', NULL, 1, 1737223656, '2025-01-18 13:37:36', '2025-01-19 01:47:53'),
(111, 37, 19, 'Test', '20250118060822iaf59y9m35ytho8e3ngn.jpg', 1, 1737223702, '2025-01-18 13:38:22', '2025-01-19 01:47:53'),
(112, 37, 19, 'Hellow', NULL, 1, 1737223718, '2025-01-18 13:38:38', '2025-01-19 01:47:53'),
(113, 19, 37, 'Fine', NULL, 1, 1737223727, '2025-01-18 13:38:47', '2025-01-19 03:58:43'),
(114, 19, 37, NULL, '202501180610362etl1c736wgjgdtkwupw.docx', 1, 1737223836, '2025-01-18 13:40:36', '2025-01-19 03:58:43'),
(115, 37, 19, 'Hi', NULL, 1, 1737223886, '2025-01-18 13:41:26', '2025-01-19 01:47:53'),
(116, 19, 37, NULL, '202501180611384vzygyqemrdujaaxp04s.jpg', 1, 1737223898, '2025-01-18 13:41:38', '2025-01-19 03:58:43'),
(126, 4, 19, 'Jo', NULL, 1, 1737267582, '2025-01-19 01:49:42', '2025-01-19 02:16:00'),
(117, 19, 37, 'Test for required', '20250118061304r0dfcklckv4o9l4elezr.docx', 1, 1737223984, '2025-01-18 13:43:04', '2025-01-19 03:58:43'),
(118, 19, 6, 'Hi', NULL, 0, 1737224040, '2025-01-18 13:44:00', '2025-01-18 13:44:00'),
(119, 19, 13, 'Hi', NULL, 1, 1737224052, '2025-01-18 13:44:12', '2025-01-19 03:57:55'),
(120, 19, 14, 'Hi', NULL, 0, 1737224064, '2025-01-18 13:44:24', '2025-01-18 13:44:24'),
(121, 19, 15, 'Hi', NULL, 0, 1737224073, '2025-01-18 13:44:33', '2025-01-18 13:44:33'),
(122, 19, 15, 'Jo', NULL, 0, 1737224100, '2025-01-18 13:45:00', '2025-01-18 13:45:00'),
(123, 19, 34, 'Hi', NULL, 0, 1737266016, '2025-01-19 01:23:36', '2025-01-19 01:23:36'),
(124, 19, 34, 'That file is home work', '2025011905535643d7btcfyiisdural67o.jpg', 0, 1737266036, '2025-01-19 01:23:56', '2025-01-19 01:23:56'),
(125, 19, 1, 'Hi', NULL, 0, 1737266084, '2025-01-19 01:24:44', '2025-01-19 01:24:44'),
(128, 19, 43, 'How are You', NULL, 1, 1737268564, '2025-01-19 02:06:04', '2025-01-19 09:46:37'),
(129, 19, 4, '🇸🇩', NULL, 1, 1737269894, '2025-01-19 02:28:14', '2025-01-19 09:40:15'),
(130, 19, 4, '🇸🇩🇸🇿🇸🇩fk;skf;l', NULL, 1, 1737269904, '2025-01-19 02:28:24', '2025-01-19 09:40:15'),
(131, 19, 4, 'te', NULL, 1, 1737270198, '2025-01-19 02:33:18', '2025-01-19 09:40:15'),
(132, 19, 4, 'jfdlkjf🙂', NULL, 1, 1737270563, '2025-01-19 02:39:23', '2025-01-19 09:40:15'),
(133, 19, 4, '👼jfdlkjf🙂', NULL, 1, 1737270570, '2025-01-19 02:39:30', '2025-01-19 09:40:15'),
(134, 19, 4, '🙅♂', NULL, 1, 1737270637, '2025-01-19 02:40:37', '2025-01-19 09:40:15'),
(135, 19, 4, 'Hi', NULL, 1, 1737270825, '2025-01-19 02:43:45', '2025-01-19 09:40:15'),
(136, 19, 4, '🤗', NULL, 1, 1737271321, '2025-01-19 02:52:01', '2025-01-19 09:40:15'),
(137, 19, 4, 'Hi', NULL, 1, 1737271379, '2025-01-19 02:52:59', '2025-01-19 09:40:15'),
(138, 19, 43, 'Hi', NULL, 1, 1737271487, '2025-01-19 02:54:47', '2025-01-19 09:46:37'),
(139, 19, 1, 'Hi', NULL, 0, 1737272331, '2025-01-19 03:08:51', '2025-01-19 03:08:51'),
(140, 19, 1, 'Hi', NULL, 0, 1737272347, '2025-01-19 03:09:07', '2025-01-19 03:09:07'),
(141, 19, 1, 'How are you', NULL, 0, 1737272352, '2025-01-19 03:09:12', '2025-01-19 03:09:12'),
(142, 19, 1, '😊', NULL, 0, 1737272507, '2025-01-19 03:11:47', '2025-01-19 03:11:47'),
(143, 19, 1, '🦁😊', NULL, 0, 1737272518, '2025-01-19 03:11:58', '2025-01-19 03:11:58'),
(144, 19, 1, '🦁😊💽📲', NULL, 0, 1737272531, '2025-01-19 03:12:11', '2025-01-19 03:12:11'),
(145, 19, 1, '😂', NULL, 0, 1737272585, '2025-01-19 03:13:05', '2025-01-19 03:13:05'),
(146, 19, 1, '😀Hi', NULL, 0, 1737272738, '2025-01-19 03:15:38', '2025-01-19 03:15:38'),
(147, 19, 1, '😀Hi\r\nHi', '20250119074552y6uwrlhdlvb4ajdulsij.docx', 0, 1737272752, '2025-01-19 03:15:52', '2025-01-19 03:15:52'),
(148, 19, 1, 'Hi How are you.....', NULL, 0, 1737272772, '2025-01-19 03:16:12', '2025-01-19 03:16:12'),
(149, 19, 1, 'Hi\r\n😄', '20250119074713o99ejkx8voygzydecsgc.jpg', 0, 1737272833, '2025-01-19 03:17:13', '2025-01-19 03:17:13'),
(150, 19, 4, 'Hi😈', NULL, 1, 1737273220, '2025-01-19 03:23:40', '2025-01-19 09:40:15'),
(151, 19, 4, 'Hi🤫', NULL, 1, 1737273284, '2025-01-19 03:24:44', '2025-01-19 09:40:15'),
(152, 19, 15, 'Hi', NULL, 0, 1737274083, '2025-01-19 03:38:03', '2025-01-19 03:38:03'),
(153, 19, 34, 'Hi😇', NULL, 0, 1737274733, '2025-01-19 03:48:53', '2025-01-19 03:48:53'),
(154, 19, 14, 'Hi', NULL, 0, 1737274740, '2025-01-19 03:49:00', '2025-01-19 03:49:00'),
(155, 19, 14, 'Hellow😗', NULL, 0, 1737274758, '2025-01-19 03:49:18', '2025-01-19 03:49:18'),
(156, 19, 14, 'HI', NULL, 0, 1737274788, '2025-01-19 03:49:48', '2025-01-19 03:49:48'),
(157, 19, 14, 'Hi\r\nIam testing\r\n😚', NULL, 0, 1737274838, '2025-01-19 03:50:38', '2025-01-19 03:50:38'),
(158, 19, 14, 'Hi\r\nI love You', NULL, 0, 1737274922, '2025-01-19 03:52:02', '2025-01-19 03:52:02'),
(159, 19, 14, 'Hi\r\nhow are you', NULL, 0, 1737274954, '2025-01-19 03:52:34', '2025-01-19 03:52:34'),
(160, 19, 14, 'Hi \r\n😝', NULL, 0, 1737274971, '2025-01-19 03:52:51', '2025-01-19 03:52:51'),
(161, 13, 37, 'Hi', NULL, 1, 1737275290, '2025-01-19 03:58:10', '2025-01-19 03:58:46'),
(162, 37, 13, 'A scholarship is financial aid awarded to students to support their education. Scholarships are usually based on criteria such as academic merit, financial need, leadership qualities, or a specific talent or skill. Below are various aspects you could explore when writing or discussing scholarships:\r\n\r\n1. Types of Scholarships\r\nMerit-based Scholarships: Awarded for academic, artistic, or athletic excellence.\r\nNeed-based Scholarships: Given to students based on their financial situation.\r\nSubject-specific Scholarships: Focused on particular fields, such as STEM or arts.\r\nMinority Scholarships: Aimed at underrepresented groups.\r\nCommunity Service Scholarships: Rewarding volunteer work or leadership in community projects.\r\n2. How Scholarships Benefit Students\r\nReducing the financial burden of education.\r\nProviding opportunities for students from disadvantaged backgrounds.\r\nEncouraging students to excel academically or in extracurricular activities.\r\n3. Eligibility Criteria\r\nAcademic achievements (e.g., GPA requirements).\r\nExtracurricular activities or leadership roles.\r\nSpecific talents, such as athletics, arts, or music.\r\n4. Challenges in Securing Scholarships\r\nHigh competition.\r\nComplex application processes.\r\nLimited opportunities for certain groups.\r\n5. How to Apply for Scholarships\r\nResearching available scholarships through online databases or educational institutions.\r\nPreparing strong applications, including essays, recommendation letters, and resumes.\r\nMeeting deadlines and following guidelines.\r\n6. Impact of Scholarships on Society\r\nPromoting equity in education.\r\nEncouraging diversity in universities and workplaces.\r\nEmpowering students to achieve their career goals.\r\nWould you like help expanding on any of these points or crafting a detailed essay or speech?\r\n😘😘😘', '20250119083037ayzkbbxlhwvrxdszymuq.docx', 1, 1737275437, '2025-01-19 04:00:37', '2025-01-19 04:01:06'),
(163, 37, 13, 'I am a good by and I want to study in italy \r\n😘', NULL, 1, 1737275573, '2025-01-19 04:02:53', '2025-01-19 04:04:29'),
(164, 37, 13, 'Hi', NULL, 1, 1737275615, '2025-01-19 04:03:35', '2025-01-19 04:04:29'),
(165, 13, 45, 'Hi', NULL, 1, 1737275658, '2025-01-19 04:04:18', '2025-01-19 09:50:31'),
(166, 13, 37, 'Hi', NULL, 1, 1737275739, '2025-01-19 04:05:39', '2025-01-19 04:06:51'),
(167, 13, 37, 'How are you?', NULL, 1, 1737275748, '2025-01-19 04:05:48', '2025-01-19 04:06:51'),
(168, 13, 37, 'Hi search your ducoment and I will answer back \r\nThanks', NULL, 1, 1737275787, '2025-01-19 04:06:27', '2025-01-19 04:06:51'),
(169, 13, 37, 'hi', NULL, 0, 1737277236, '2025-01-19 04:30:36', '2025-01-19 04:30:36'),
(170, 13, 37, 'A scholarship is financial aid awarded to students to support their education. Scholarships are usually based on criteria such as academic merit, financial need, leadership qualities, or a specific talent or skill. Below are various aspects you could explore when writing or discussing scholarships:1. Types of ScholarshipsMerit-based Scholarships: Awarded for academic, artistic, or athletic excellence.Need-based Scholarships: Given to students based on their financial situation.Subject-specific Scholarships: Focused on particular fields, such as STEM or arts.Minority Scholarships: Aimed at underrepresented groups.Community Service Scholarships: Rewarding volunteer work or leadership in community projects.2. How Scholarships Benefit StudentsReducing the financial burden of education.Providing opportunities for students from disadvantaged backgrounds.Encouraging students to excel academically or in extracurricular activities.3. Eligibility CriteriaAcademic achievements (e.g., GPA requirements).Extracurricular activities or leadership roles.Specific talents, such as athletics, arts, or music.4. Challenges in Securing ScholarshipsHigh competition.Complex application processes.Limited opportunities for certain groups.5. How to Apply for ScholarshipsResearching available scholarships through online databases or educational institutions.Preparing strong applications, including essays, recommendation letters, and resumes.Meeting deadlines and following guidelines.6. Impact of Scholarships on SocietyPromoting equity in education.Encouraging diversity in universities and workplaces.Empowering students to achieve their career goals.Would you like help expanding on any of these points or crafting a detailed essay or speech?', NULL, 0, 1737277255, '2025-01-19 04:30:55', '2025-01-19 04:30:55'),
(171, 13, 37, 'fjslk\r\nsdjflkdjfs\r\ndsjflkds', NULL, 0, 1737277277, '2025-01-19 04:31:17', '2025-01-19 04:31:17'),
(172, 13, 37, 'A scholarship is financial aid awarded to students to support their education. Scholarships are usually based on criteria such as academic merit, financial need, leadership qualities, or a specific talent or skill. Below are various aspects you could explore when writing or discussing scholarships:\r\n\r\n1. Types of Scholarships\r\nMerit-based Scholarships: Awarded for academic, artistic, or athletic excellence.\r\nNeed-based Scholarships: Given to students based on their financial situation.\r\nSubject-specific Scholarships: Focused on particular fields, such as STEM or arts.\r\nMinority Scholarships: Aimed at underrepresented groups.\r\nCommunity Service Scholarships: Rewarding volunteer work or leadership in community projects.\r\n2. How Scholarships Benefit Students\r\nReducing the financial burden of education.\r\nProviding opportunities for students from disadvantaged backgrounds.\r\nEncouraging students to excel academically or in extracurricular activities.\r\n3. Eligibility Criteria\r\nAcademic achievements (e.g., GPA requirements).\r\nExtracurricular activities or leadership roles.\r\nSpecific talents, such as athletics, arts, or music.\r\n4. Challenges in Securing Scholarships\r\nHigh competition.\r\nComplex application processes.\r\nLimited opportunities for certain groups.\r\n5. How to Apply for Scholarships\r\nResearching available scholarships through online databases or educational institutions.\r\nPreparing strong applications, including essays, recommendation letters, and resumes.\r\nMeeting deadlines and following guidelines.\r\n6. Impact of Scholarships on Society\r\nPromoting equity in education.\r\nEncouraging diversity in universities and workplaces.\r\nEmpowering students to achieve their career goals.\r\nWould you like help expanding on any of these points or crafting a detailed essay or speech?', NULL, 0, 1737277282, '2025-01-19 04:31:22', '2025-01-19 04:31:22'),
(173, 19, 14, 'Hi', NULL, 0, 1737284929, '2025-01-19 06:38:49', '2025-01-19 06:38:49'),
(174, 19, 14, 'This is my Homework😇', '20250119110912zjkjpmhectfaclfziff0.jpg', 0, 1737284952, '2025-01-19 06:39:12', '2025-01-19 06:39:12'),
(175, 19, 29, 'babak🙂', NULL, 0, 1737295427, '2025-01-19 09:33:47', '2025-01-19 09:33:47'),
(176, 19, 29, '🏀⚽', NULL, 0, 1737295436, '2025-01-19 09:33:56', '2025-01-19 09:33:56'),
(177, 19, 29, '❇', NULL, 0, 1737295443, '2025-01-19 09:34:03', '2025-01-19 09:34:03'),
(178, 19, 26, 'Hi\r\n🙏👍', NULL, 0, 1737295481, '2025-01-19 09:34:41', '2025-01-19 09:34:41'),
(179, 19, 26, ':like', NULL, 0, 1737295487, '2025-01-19 09:34:47', '2025-01-19 09:34:47'),
(180, 19, 26, '👍', NULL, 0, 1737295498, '2025-01-19 09:34:58', '2025-01-19 09:34:58'),
(181, 19, 26, '😘', NULL, 0, 1737295521, '2025-01-19 09:35:21', '2025-01-19 09:35:21'),
(182, 19, 26, '🤭', NULL, 0, 1737295531, '2025-01-19 09:35:31', '2025-01-19 09:35:31'),
(183, 19, 26, '😃', NULL, 0, 1737295545, '2025-01-19 09:35:45', '2025-01-19 09:35:45'),
(184, 19, 26, '☺', NULL, 0, 1737295550, '2025-01-19 09:35:50', '2025-01-19 09:35:50'),
(185, 19, 26, '🌷', NULL, 0, 1737295564, '2025-01-19 09:36:04', '2025-01-19 09:36:04'),
(186, 19, 26, '💐', NULL, 0, 1737295573, '2025-01-19 09:36:13', '2025-01-19 09:36:13'),
(187, 19, 26, '😜', NULL, 0, 1737295587, '2025-01-19 09:36:27', '2025-01-19 09:36:27'),
(188, 19, 26, '👍', NULL, 0, 1737295592, '2025-01-19 09:36:32', '2025-01-19 09:36:32'),
(189, 19, 26, '👍', NULL, 0, 1737295647, '2025-01-19 09:37:27', '2025-01-19 09:37:27'),
(190, 19, 29, '👍', NULL, 0, 1737295658, '2025-01-19 09:37:38', '2025-01-19 09:37:38'),
(191, 19, 29, 'Hi', '20250119020804wjcdy5fgca4iccxmfbba.jpg', 0, 1737295684, '2025-01-19 09:38:04', '2025-01-19 09:38:04'),
(192, 19, 44, 'Hi💐', NULL, 0, 1737295723, '2025-01-19 09:38:43', '2025-01-19 09:38:43'),
(193, 19, 17, 'Hi', NULL, 0, 1737295745, '2025-01-19 09:39:05', '2025-01-19 09:39:05'),
(194, 4, 29, 'Hi', NULL, 0, 1737295782, '2025-01-19 09:39:42', '2025-01-19 09:39:42'),
(195, 4, 30, 'Hi', NULL, 0, 1737295804, '2025-01-19 09:40:04', '2025-01-19 09:40:04'),
(196, 4, 19, 'Hi', NULL, 1, 1737295824, '2025-01-19 09:40:24', '2025-01-19 09:49:23'),
(197, 4, 30, 'hi👍', NULL, 0, 1737295858, '2025-01-19 09:40:58', '2025-01-19 09:40:58'),
(198, 19, 15, 'Hi', NULL, 0, 1737295897, '2025-01-19 09:41:37', '2025-01-19 09:41:37'),
(199, 19, 39, 'Hi', NULL, 0, 1737295930, '2025-01-19 09:42:10', '2025-01-19 09:42:10'),
(200, 19, 40, 'Hi', NULL, 0, 1737295940, '2025-01-19 09:42:20', '2025-01-19 09:42:20'),
(201, 19, 42, 'Hi', NULL, 0, 1737295959, '2025-01-19 09:42:39', '2025-01-19 09:42:39'),
(202, 19, 24, 'Hi', NULL, 0, 1737295975, '2025-01-19 09:42:55', '2025-01-19 09:42:55'),
(203, 43, 45, 'Hi', NULL, 1, 1737296186, '2025-01-19 09:46:26', '2025-01-19 09:50:28'),
(204, 43, 45, 'How are you', NULL, 1, 1737296192, '2025-01-19 09:46:32', '2025-01-19 09:50:28'),
(205, 43, 19, 'Hi', NULL, 1, 1737296200, '2025-01-19 09:46:40', '2025-01-19 09:48:42'),
(206, 43, 1, 'Hi', NULL, 0, 1737296205, '2025-01-19 09:46:45', '2025-01-19 09:46:45'),
(207, 43, 34, 'Hi', NULL, 0, 1737296218, '2025-01-19 09:46:58', '2025-01-19 09:46:58'),
(208, 43, 33, 'Hi', NULL, 0, 1737296228, '2025-01-19 09:47:08', '2025-01-19 09:47:08'),
(209, 43, 23, 'Hi', NULL, 0, 1737296251, '2025-01-19 09:47:31', '2025-01-19 09:47:31'),
(210, 43, 27, 'Hi', NULL, 0, 1737296261, '2025-01-19 09:47:41', '2025-01-19 09:47:41'),
(211, 43, 30, 'Hi', NULL, 0, 1737296271, '2025-01-19 09:47:51', '2025-01-19 09:47:51'),
(212, 43, 32, 'fHi', NULL, 0, 1737296280, '2025-01-19 09:48:00', '2025-01-19 09:48:00'),
(213, 19, 24, 'Hi\r\n💐', NULL, 0, 1737296319, '2025-01-19 09:48:39', '2025-01-19 09:48:39'),
(214, 19, 43, 'Hi', NULL, 0, 1737296328, '2025-01-19 09:48:48', '2025-01-19 09:48:48'),
(215, 19, 4, 'Hi', NULL, 0, 1737296372, '2025-01-19 09:49:32', '2025-01-19 09:49:32'),
(216, 45, 13, 'Hi', NULL, 0, 1737296437, '2025-01-19 09:50:37', '2025-01-19 09:50:37'),
(217, 45, 43, 'Hi', NULL, 0, 1737296443, '2025-01-19 09:50:43', '2025-01-19 09:50:43'),
(218, 45, 43, 'Hi', NULL, 0, 1737296467, '2025-01-19 09:51:07', '2025-01-19 09:51:07'),
(219, 19, 36, 'Hi🌷', NULL, 0, 1737296533, '2025-01-19 09:52:13', '2025-01-19 09:52:13'),
(220, 19, 36, '``````````````````', NULL, 0, 1737296683, '2025-01-19 09:54:43', '2025-01-19 09:54:43'),
(221, 19, 36, '``````````````````````````````````', NULL, 0, 1737296690, '2025-01-19 09:54:50', '2025-01-19 09:54:50'),
(222, 19, 36, 'hI', NULL, 0, 1737296757, '2025-01-19 09:55:57', '2025-01-19 09:55:57'),
(223, 19, 36, 'hI😉', NULL, 0, 1737296806, '2025-01-19 09:56:46', '2025-01-19 09:56:46'),
(224, 19, 37, 'Wosht', NULL, 0, 1737296836, '2025-01-19 09:57:16', '2025-01-19 09:57:16'),
(225, 12, 13, 'Hi😊', NULL, 0, 1737438389, '2025-01-21 01:16:29', '2025-01-21 01:16:29'),
(226, 12, 13, 'How are you???', NULL, 0, 1737438407, '2025-01-21 01:16:47', '2025-01-21 01:16:47'),
(227, 12, 13, 'Are you OK?😒', NULL, 0, 1737438442, '2025-01-21 01:17:22', '2025-01-21 01:17:22');

-- --------------------------------------------------------

--
-- Table structure for table `class`
--

DROP TABLE IF EXISTS `class`;
CREATE TABLE IF NOT EXISTS `class` (
  `id` int NOT NULL AUTO_INCREMENT,
  `name` varchar(255) CHARACTER SET utf8mb4 COLLATE utf8mb4_general_ci NOT NULL,
  `amount` int NOT NULL DEFAULT '0',
  `status` tinyint NOT NULL DEFAULT '0' COMMENT '0:active 1:inactive',
  `is_delete` tinyint NOT NULL DEFAULT '0',
  `created_by` int DEFAULT NULL,
  `created_at` timestamp NULL DEFAULT NULL,
  `updated_at` timestamp NULL DEFAULT NULL,
  PRIMARY KEY (`id`)
) ENGINE=MyISAM AUTO_INCREMENT=14 DEFAULT CHARSET=utf8mb4 COLLATE=utf8mb4_general_ci;

--
-- Dumping data for table `class`
--

INSERT INTO `class` (`id`, `name`, `amount`, `status`, `is_delete`, `created_by`, `created_at`, `updated_at`) VALUES
(1, '01', 200, 0, 0, 1, '2024-11-25 11:34:19', '2025-01-08 01:27:12'),
(2, '02', 200, 0, 0, 1, '2024-11-26 11:48:46', '2025-01-08 01:27:01'),
(3, '03', 200, 0, 0, 1, '2024-11-26 12:42:17', '2025-01-08 01:26:51'),
(4, '04', 300, 0, 0, 7, '2024-11-26 12:59:19', '2025-01-08 01:26:41'),
(5, '05', 300, 0, 0, 8, '2024-11-26 12:59:36', '2025-01-08 01:26:34'),
(6, '06', 350, 0, 0, 1, '2024-11-26 13:02:33', '2025-01-08 01:26:26'),
(7, '07', 350, 0, 0, 1, '2024-11-26 13:04:10', '2025-01-08 01:26:17'),
(8, '08', 350, 0, 0, 1, '2024-11-26 13:04:15', '2025-01-08 01:26:07'),
(9, '09', 350, 0, 0, 1, '2024-11-26 13:04:20', '2025-01-08 01:25:58'),
(10, '10', 500, 0, 0, 1, '2024-11-26 13:04:26', '2025-01-08 01:25:48'),
(11, '11', 500, 0, 0, 1, '2024-11-26 13:04:31', '2025-01-08 01:25:37'),
(12, '12', 500, 0, 0, 1, '2024-11-26 13:04:35', '2025-01-08 01:25:29'),
(13, 'Preparatory', 100, 0, 0, 1, '2025-01-08 01:25:18', '2025-01-08 01:25:18');

-- --------------------------------------------------------

--
-- Table structure for table `class_subject`
--

DROP TABLE IF EXISTS `class_subject`;
CREATE TABLE IF NOT EXISTS `class_subject` (
  `id` int NOT NULL AUTO_INCREMENT,
  `class_id` int DEFAULT NULL,
  `subject_id` int DEFAULT NULL,
  `created_by` int DEFAULT NULL,
  `created_at` timestamp NULL DEFAULT NULL,
  `updated_at` timestamp NULL DEFAULT NULL,
  `is_delete` tinyint NOT NULL DEFAULT '0',
  `status` tinyint NOT NULL DEFAULT '0',
  PRIMARY KEY (`id`)
) ENGINE=MyISAM AUTO_INCREMENT=159 DEFAULT CHARSET=utf8mb4 COLLATE=utf8mb4_general_ci;

--
-- Dumping data for table `class_subject`
--

INSERT INTO `class_subject` (`id`, `class_id`, `subject_id`, `created_by`, `created_at`, `updated_at`, `is_delete`, `status`) VALUES
(126, 1, 7, 19, '2024-12-11 09:57:34', '2024-12-11 09:57:34', 0, 0),
(125, 1, 5, 19, '2024-12-11 09:57:34', '2024-12-11 09:57:34', 0, 0),
(124, 1, 3, 19, '2024-12-11 09:57:34', '2024-12-11 09:57:34', 0, 0),
(123, 1, 13, 19, '2024-12-11 09:57:34', '2024-12-11 09:57:34', 0, 0),
(101, 8, 1, 1, '2024-12-04 02:44:28', '2024-12-04 02:44:28', 0, 0),
(118, 4, 10, 1, '2024-12-04 03:05:33', '2024-12-04 03:05:33', 0, 0),
(117, 4, 11, 1, '2024-12-04 03:05:33', '2024-12-04 03:05:33', 0, 0),
(116, 4, 8, 1, '2024-12-04 03:05:33', '2024-12-04 03:05:33', 0, 0),
(115, 4, 9, 1, '2024-12-04 03:05:33', '2024-12-04 03:05:33', 0, 0),
(140, 7, 6, 19, '2024-12-12 09:50:04', '2024-12-12 09:50:04', 0, 0),
(11, 3, 1, 1, '2024-11-28 05:47:49', '2024-11-28 05:47:49', 0, 0),
(12, 3, 3, 1, '2024-11-28 05:47:49', '2024-11-28 05:47:49', 0, 0),
(13, 3, 2, 1, '2024-11-28 05:47:49', '2024-11-28 05:47:49', 0, 0),
(14, 3, 12, 1, '2024-11-28 05:47:49', '2024-11-28 05:47:49', 0, 0),
(15, 3, 6, 1, '2024-11-28 05:47:49', '2024-11-28 05:47:49', 0, 0),
(16, 3, 9, 1, '2024-11-28 05:47:49', '2024-11-28 05:47:49', 0, 0),
(17, 3, 8, 1, '2024-11-28 05:47:49', '2024-11-28 05:47:49', 0, 0),
(114, 4, 6, 1, '2024-12-04 03:05:33', '2024-12-04 03:05:33', 0, 0),
(113, 4, 12, 1, '2024-12-04 03:05:33', '2024-12-04 03:05:33', 0, 0),
(112, 4, 2, 1, '2024-12-04 03:05:33', '2024-12-04 03:05:33', 0, 0),
(111, 4, 3, 1, '2024-12-04 03:05:33', '2024-12-04 03:05:33', 0, 0),
(110, 4, 1, 1, '2024-12-04 03:05:33', '2024-12-04 03:05:33', 0, 0),
(122, 1, 1, 19, '2024-12-11 09:57:34', '2024-12-11 09:57:34', 0, 0),
(24, 5, 1, 1, '2024-11-28 06:08:27', '2024-11-28 06:08:50', 0, 0),
(25, 5, 3, 1, '2024-11-28 06:08:27', '2024-11-28 06:08:50', 0, 0),
(26, 5, 2, 1, '2024-11-28 06:08:27', '2024-11-28 06:08:50', 0, 0),
(27, 6, 1, 1, '2024-11-28 06:19:47', '2024-11-28 06:19:47', 0, 0),
(28, 6, 3, 1, '2024-11-28 06:19:47', '2024-11-28 06:19:47', 0, 0),
(29, 6, 2, 1, '2024-11-28 06:19:47', '2024-11-28 06:19:47', 0, 0),
(30, 6, 12, 1, '2024-11-28 06:19:47', '2024-11-28 06:19:47', 0, 0),
(31, 6, 6, 1, '2024-11-28 06:19:47', '2024-11-28 06:19:47', 0, 0),
(32, 6, 9, 1, '2024-11-28 06:19:47', '2024-11-28 06:19:47', 0, 0),
(33, 6, 8, 1, '2024-11-28 06:19:47', '2024-11-28 06:19:47', 0, 0),
(34, 6, 11, 1, '2024-11-28 06:19:47', '2024-11-28 06:19:47', 0, 0),
(35, 6, 10, 1, '2024-11-28 06:19:47', '2024-11-28 06:19:47', 0, 0),
(77, 9, 1, 1, '2024-11-28 10:50:54', '2024-11-28 10:50:54', 0, 0),
(76, 9, 10, 1, '2024-11-28 10:45:47', '2024-11-28 10:45:47', 0, 0),
(75, 9, 11, 1, '2024-11-28 10:45:47', '2024-11-28 10:45:47', 0, 0),
(139, 7, 12, 19, '2024-12-12 09:50:04', '2024-12-12 09:50:04', 0, 0),
(138, 7, 2, 19, '2024-12-12 09:50:04', '2024-12-12 09:50:04', 0, 0),
(74, 9, 8, 1, '2024-11-28 10:45:47', '2024-11-28 10:45:47', 0, 0),
(73, 9, 9, 1, '2024-11-28 10:45:47', '2024-11-28 10:45:47', 0, 0),
(72, 9, 6, 1, '2024-11-28 10:45:47', '2024-11-28 10:45:47', 0, 0),
(70, 10, 10, 1, '2024-11-28 10:25:09', '2024-11-28 10:25:09', 0, 0),
(158, 12, 10, 19, '2024-12-12 09:53:05', '2024-12-12 09:53:05', 0, 0),
(157, 12, 11, 19, '2024-12-12 09:53:05', '2024-12-12 09:53:05', 0, 0),
(156, 12, 9, 19, '2024-12-12 09:53:05', '2024-12-12 09:53:05', 0, 0),
(155, 12, 6, 19, '2024-12-12 09:53:05', '2024-12-12 09:53:05', 0, 0),
(154, 12, 2, 19, '2024-12-12 09:53:05', '2024-12-12 09:53:05', 0, 0),
(78, 9, 3, 1, '2024-11-28 10:50:54', '2024-11-28 10:50:54', 0, 0),
(79, 9, 2, 1, '2024-11-28 10:50:54', '2024-11-28 10:50:54', 0, 0),
(80, 9, 12, 1, '2024-11-28 10:50:54', '2024-11-28 10:50:54', 0, 0),
(102, 8, 3, 1, '2024-12-04 02:44:28', '2024-12-04 02:44:28', 0, 0),
(103, 8, 2, 1, '2024-12-04 02:44:28', '2024-12-04 02:44:28', 0, 0),
(104, 8, 12, 1, '2024-12-04 02:44:28', '2024-12-04 02:44:28', 0, 0),
(105, 8, 6, 1, '2024-12-04 02:44:28', '2024-12-04 02:44:28', 0, 0),
(106, 8, 9, 1, '2024-12-04 02:44:28', '2024-12-04 02:44:28', 0, 0),
(107, 8, 8, 1, '2024-12-04 02:44:28', '2024-12-04 02:44:28', 0, 0),
(108, 8, 11, 1, '2024-12-04 02:44:28', '2024-12-04 02:44:28', 0, 0),
(109, 8, 10, 1, '2024-12-04 02:44:28', '2024-12-04 02:44:28', 0, 0),
(119, 2, 1, 19, '2024-12-10 01:49:18', '2024-12-10 01:49:18', 0, 0),
(120, 2, 13, 19, '2024-12-10 01:49:18', '2024-12-10 01:49:18', 0, 0),
(121, 2, 3, 19, '2024-12-10 01:49:18', '2024-12-10 01:49:18', 0, 0),
(127, 1, 4, 19, '2024-12-11 09:57:34', '2024-12-11 09:57:34', 0, 0),
(128, 1, 2, 19, '2024-12-11 09:57:34', '2024-12-11 09:57:34', 0, 0),
(129, 1, 6, 19, '2024-12-11 09:57:34', '2024-12-11 09:57:34', 0, 0),
(130, 1, 9, 19, '2024-12-11 09:57:34', '2024-12-11 09:57:34', 0, 0),
(131, 1, 11, 19, '2024-12-11 09:57:34', '2024-12-11 09:57:34', 0, 0),
(137, 7, 4, 19, '2024-12-12 09:50:04', '2024-12-12 09:50:04', 0, 0),
(136, 7, 3, 19, '2024-12-12 09:50:04', '2024-12-12 09:50:04', 0, 0),
(135, 7, 1, 19, '2024-12-12 09:50:04', '2024-12-12 09:50:04', 0, 0),
(141, 11, 1, 19, '2024-12-12 09:52:24', '2024-12-12 09:52:24', 0, 0),
(142, 11, 13, 19, '2024-12-12 09:52:24', '2024-12-12 09:52:24', 0, 0),
(143, 11, 3, 19, '2024-12-12 09:52:24', '2024-12-12 09:52:24', 0, 0),
(144, 11, 5, 19, '2024-12-12 09:52:24', '2024-12-12 09:52:24', 0, 0),
(145, 11, 7, 19, '2024-12-12 09:52:24', '2024-12-12 09:52:24', 0, 0),
(146, 11, 4, 19, '2024-12-12 09:52:24', '2024-12-12 09:52:24', 0, 0),
(147, 11, 2, 19, '2024-12-12 09:52:24', '2024-12-12 09:52:24', 0, 0),
(148, 11, 12, 19, '2024-12-12 09:52:24', '2024-12-12 09:52:24', 0, 0),
(149, 11, 6, 19, '2024-12-12 09:52:24', '2024-12-12 09:52:24', 0, 0),
(150, 11, 9, 19, '2024-12-12 09:52:24', '2024-12-12 09:52:24', 0, 0),
(151, 11, 8, 19, '2024-12-12 09:52:24', '2024-12-12 09:52:24', 0, 0),
(152, 11, 11, 19, '2024-12-12 09:52:24', '2024-12-12 09:52:24', 0, 0),
(153, 11, 10, 19, '2024-12-12 09:52:24', '2024-12-12 09:52:24', 0, 0);

-- --------------------------------------------------------

--
-- Table structure for table `class_subject_timetable`
--

DROP TABLE IF EXISTS `class_subject_timetable`;
CREATE TABLE IF NOT EXISTS `class_subject_timetable` (
  `id` int NOT NULL AUTO_INCREMENT,
  `class_id` int DEFAULT NULL,
  `subject_id` int DEFAULT NULL,
  `week_id` int DEFAULT NULL,
  `start_time` varchar(25) CHARACTER SET utf8mb4 COLLATE utf8mb4_general_ci DEFAULT NULL,
  `end_time` varchar(25) CHARACTER SET utf8mb4 COLLATE utf8mb4_general_ci DEFAULT NULL,
  `room_number` varchar(255) CHARACTER SET utf8mb4 COLLATE utf8mb4_general_ci DEFAULT NULL,
  `created_at` timestamp NULL DEFAULT NULL,
  `updated_at` timestamp NULL DEFAULT NULL,
  PRIMARY KEY (`id`)
) ENGINE=MyISAM AUTO_INCREMENT=433 DEFAULT CHARSET=utf8mb4 COLLATE=utf8mb4_general_ci;

--
-- Dumping data for table `class_subject_timetable`
--

INSERT INTO `class_subject_timetable` (`id`, `class_id`, `subject_id`, `week_id`, `start_time`, `end_time`, `room_number`, `created_at`, `updated_at`) VALUES
(50, 1, 11, 5, '18:44', '19:44', '3', '2024-12-12 09:45:26', '2024-12-12 09:45:26'),
(89, 1, 9, 4, '00:39', '01:39', '10', '2024-12-12 11:22:58', '2024-12-12 11:22:58'),
(49, 1, 11, 4, '20:38', '20:38', '5', '2024-12-12 09:45:26', '2024-12-12 09:45:26'),
(88, 1, 9, 3, '09:39', '09:39', '12', '2024-12-12 11:22:58', '2024-12-12 11:22:58'),
(87, 1, 9, 2, '08:38', '08:38', '8', '2024-12-12 11:22:58', '2024-12-12 11:22:58'),
(86, 1, 9, 1, '21:56', '22:56', '5', '2024-12-12 11:22:58', '2024-12-12 11:22:58'),
(55, 1, 6, 1, '00:40', '00:40', '15', '2024-12-12 09:46:46', '2024-12-12 09:46:46'),
(125, 2, 3, 2, '20:47', '20:47', '8', '2024-12-12 11:28:55', '2024-12-12 11:28:55'),
(132, 2, 13, 2, '09:41', '10:41', '12', '2024-12-12 11:29:37', '2024-12-12 11:29:37'),
(131, 2, 13, 1, '08:41', '09:41', '5', '2024-12-12 11:29:37', '2024-12-12 11:29:37'),
(247, 3, 8, 5, '17:38', '19:38', '2', '2024-12-21 00:39:31', '2024-12-21 00:39:31'),
(246, 3, 8, 4, '17:38', '18:38', '3', '2024-12-21 00:39:31', '2024-12-21 00:39:31'),
(245, 3, 8, 3, '15:38', '16:38', '123', '2024-12-21 00:39:31', '2024-12-21 00:39:31'),
(244, 3, 8, 2, '09:43', '09:43', '26', '2024-12-21 00:39:31', '2024-12-21 00:39:31'),
(243, 3, 8, 1, '08:43', '09:43', '56', '2024-12-21 00:39:31', '2024-12-21 00:39:31'),
(35, 3, 9, 3, '21:39', '18:42', '123', '2024-12-12 09:39:57', '2024-12-12 09:39:57'),
(34, 3, 9, 2, '18:38', '19:38', '123', '2024-12-12 09:39:57', '2024-12-12 09:39:57'),
(33, 3, 9, 1, '16:41', '17:41', '1', '2024-12-12 09:39:57', '2024-12-12 09:39:57'),
(36, 3, 9, 4, '19:40', '20:40', '10', '2024-12-12 09:39:57', '2024-12-12 09:39:57'),
(37, 3, 9, 5, '22:39', '21:39', '4', '2024-12-12 09:39:57', '2024-12-12 09:39:57'),
(38, 3, 9, 6, '18:43', '18:45', '3', '2024-12-12 09:39:57', '2024-12-12 09:39:57'),
(39, 3, 9, 7, '18:44', '18:45', '123', '2024-12-12 09:39:57', '2024-12-12 09:39:57'),
(48, 1, 11, 3, '08:37', '08:37', '123', '2024-12-12 09:45:26', '2024-12-12 09:45:26'),
(47, 1, 11, 2, '14:29', '15:29', '26', '2024-12-12 09:45:26', '2024-12-12 09:45:26'),
(46, 1, 11, 1, '13:29', '14:29', '56', '2024-12-12 09:45:26', '2024-12-12 09:45:26'),
(51, 1, 11, 6, '20:44', '21:45', '3', '2024-12-12 09:45:26', '2024-12-12 09:45:26'),
(52, 1, 11, 7, '20:45', '23:45', '123', '2024-12-12 09:45:26', '2024-12-12 09:45:26'),
(56, 1, 6, 2, '20:46', '20:46', '8', '2024-12-12 09:46:46', '2024-12-12 09:46:46'),
(57, 1, 6, 3, '19:46', '19:46', '12', '2024-12-12 09:46:46', '2024-12-12 09:46:46'),
(58, 1, 6, 4, '20:46', '21:46', '10', '2024-12-12 09:46:46', '2024-12-12 09:46:46'),
(59, 1, 6, 5, '20:46', '12:46', '123', '2024-12-12 09:46:46', '2024-12-12 09:46:46'),
(60, 1, 6, 6, '22:46', '16:46', '3', '2024-12-12 09:46:46', '2024-12-12 09:46:46'),
(61, 1, 6, 7, '23:46', '23:46', '7', '2024-12-12 09:46:46', '2024-12-12 09:46:46'),
(116, 1, 5, 3, '18:50', '18:51', '10', '2024-12-12 11:27:16', '2024-12-12 11:27:16'),
(115, 1, 5, 2, '19:47', '18:49', '8', '2024-12-12 11:27:16', '2024-12-12 11:27:16'),
(114, 1, 5, 1, '19:47', '20:47', '56', '2024-12-12 11:27:16', '2024-12-12 11:27:16'),
(124, 2, 3, 1, '08:40', '08:40', '15', '2024-12-12 11:28:55', '2024-12-12 11:28:55'),
(285, 4, 10, 1, '21:47', '22:47', '1', '2024-12-21 00:44:02', '2024-12-21 00:44:02'),
(320, 5, 2, 4, '20:41', '21:41', '3', '2024-12-21 00:48:32', '2024-12-21 00:48:32'),
(149, 6, 10, 1, '19:48', '20:48', '15', '2024-12-13 08:57:49', '2024-12-13 08:57:49'),
(328, 6, 2, 3, '22:01', '22:01', '3', '2024-12-21 00:50:21', '2024-12-21 00:50:21'),
(336, 7, 6, 2, '09:51', '00:51', '8', '2024-12-21 00:51:08', '2024-12-21 00:51:08'),
(352, 8, 10, 1, '22:50', '20:50', '123', '2024-12-21 00:52:56', '2024-12-21 00:52:56'),
(365, 9, 12, 1, '18:55', '18:57', '5', '2024-12-21 00:55:10', '2024-12-21 00:55:10'),
(368, 9, 2, 3, '22:06', '23:06', '7', '2024-12-21 00:55:22', '2024-12-21 00:55:22'),
(390, 10, 10, 3, '09:57', '11:57', '10', '2024-12-21 00:57:18', '2024-12-21 00:57:18'),
(392, 11, 10, 1, '20:52', '12:52', '5', '2024-12-21 00:57:31', '2024-12-21 00:57:31'),
(80, 12, 10, 2, '21:54', '18:54', '8', '2024-12-12 09:54:14', '2024-12-12 09:54:14'),
(79, 12, 10, 1, '23:53', '12:53', '1', '2024-12-12 09:54:14', '2024-12-12 09:54:14'),
(81, 12, 10, 3, '19:54', '18:57', '12', '2024-12-12 09:54:14', '2024-12-12 09:54:14'),
(82, 12, 10, 4, '21:54', '18:59', '10', '2024-12-12 09:54:14', '2024-12-12 09:54:14'),
(83, 12, 10, 5, '20:53', '21:53', '3', '2024-12-12 09:54:14', '2024-12-12 09:54:14'),
(84, 12, 10, 6, '21:53', '23:53', '3', '2024-12-12 09:54:14', '2024-12-12 09:54:14'),
(85, 12, 10, 7, '21:53', '23:53', '7', '2024-12-12 09:54:14', '2024-12-12 09:54:14'),
(90, 1, 9, 5, '21:22', '23:22', '3', '2024-12-12 11:22:58', '2024-12-12 11:22:58'),
(91, 1, 9, 6, '23:22', '12:22', '3', '2024-12-12 11:22:58', '2024-12-12 11:22:58'),
(92, 1, 9, 7, '23:22', '13:22', '123', '2024-12-12 11:22:58', '2024-12-12 11:22:58'),
(93, 1, 2, 1, '20:23', '20:23', '56', '2024-12-12 11:24:05', '2024-12-12 11:24:05'),
(94, 1, 2, 2, '21:23', '22:23', '3', '2024-12-12 11:24:05', '2024-12-12 11:24:05'),
(95, 1, 2, 3, '21:23', '23:23', '3', '2024-12-12 11:24:05', '2024-12-12 11:24:05'),
(96, 1, 2, 4, '21:23', '23:23', '10', '2024-12-12 11:24:05', '2024-12-12 11:24:05'),
(97, 1, 2, 5, '22:23', '12:23', '3', '2024-12-12 11:24:05', '2024-12-12 11:24:05'),
(98, 1, 2, 6, '23:23', '13:23', '3', '2024-12-12 11:24:05', '2024-12-12 11:24:05'),
(99, 1, 2, 7, '14:23', '15:24', '123', '2024-12-12 11:24:05', '2024-12-12 11:24:05'),
(100, 1, 4, 1, '20:24', '21:24', '3', '2024-12-12 11:25:22', '2024-12-12 11:25:22'),
(101, 1, 4, 2, '22:24', '23:24', '3', '2024-12-12 11:25:22', '2024-12-12 11:25:22'),
(102, 1, 4, 3, '22:24', '12:24', '7', '2024-12-12 11:25:22', '2024-12-12 11:25:22'),
(103, 1, 4, 4, '23:24', '12:24', '3', '2024-12-12 11:25:22', '2024-12-12 11:25:22'),
(104, 1, 4, 5, '23:24', '13:24', '4', '2024-12-12 11:25:22', '2024-12-12 11:25:22'),
(105, 1, 4, 6, '16:24', '17:25', '1', '2024-12-12 11:25:22', '2024-12-12 11:25:22'),
(106, 1, 4, 7, '12:25', '13:25', '11', '2024-12-12 11:25:22', '2024-12-12 11:25:22'),
(107, 1, 7, 1, '21:25', '23:25', '3', '2024-12-12 11:26:38', '2024-12-12 11:26:38'),
(108, 1, 7, 2, '23:25', '23:25', '5', '2024-12-12 11:26:38', '2024-12-12 11:26:38'),
(109, 1, 7, 3, '23:25', '13:25', '2', '2024-12-12 11:26:38', '2024-12-12 11:26:38'),
(110, 1, 7, 4, '12:26', '14:26', '6', '2024-12-12 11:26:38', '2024-12-12 11:26:38'),
(111, 1, 7, 5, '12:26', '23:26', '8', '2024-12-12 11:26:38', '2024-12-12 11:26:38'),
(112, 1, 7, 6, '23:26', '13:31', '9', '2024-12-12 11:26:38', '2024-12-12 11:26:38'),
(113, 1, 7, 7, '12:26', '23:26', '10', '2024-12-12 11:26:39', '2024-12-12 11:26:39'),
(117, 1, 5, 4, '23:26', '12:30', '10', '2024-12-12 11:27:16', '2024-12-12 11:27:16'),
(118, 1, 5, 5, '21:26', '21:27', '3', '2024-12-12 11:27:16', '2024-12-12 11:27:16'),
(119, 1, 5, 6, '12:27', '13:27', '1', '2024-12-12 11:27:16', '2024-12-12 11:27:16'),
(120, 1, 5, 7, '12:27', '13:27', '10', '2024-12-12 11:27:16', '2024-12-12 11:27:16'),
(222, 1, 3, 1, '23:27', '12:27', '1', '2024-12-21 00:37:27', '2024-12-21 00:37:27'),
(229, 1, 13, 1, '12:27', '12:27', '5', '2024-12-21 00:38:15', '2024-12-21 00:38:15'),
(236, 1, 1, 1, '12:27', '12:33', '1', '2024-12-21 00:39:04', '2024-12-21 00:39:04'),
(126, 2, 3, 3, '22:28', '22:28', '12', '2024-12-12 11:28:55', '2024-12-12 11:28:55'),
(127, 2, 3, 4, '20:32', '13:28', '9', '2024-12-12 11:28:55', '2024-12-12 11:28:55'),
(128, 2, 3, 5, '23:28', '13:28', '7', '2024-12-12 11:28:55', '2024-12-12 11:28:55'),
(129, 2, 3, 6, '23:28', '13:28', '1', '2024-12-12 11:28:55', '2024-12-12 11:28:55'),
(130, 2, 3, 7, '23:28', '13:34', '10', '2024-12-12 11:28:55', '2024-12-12 11:28:55'),
(133, 2, 13, 3, '22:29', '20:33', '10', '2024-12-12 11:29:37', '2024-12-12 11:29:37'),
(134, 2, 13, 4, '13:29', '14:29', '3', '2024-12-12 11:29:37', '2024-12-12 11:29:37'),
(135, 2, 13, 5, '12:29', '14:29', '2', '2024-12-12 11:29:37', '2024-12-12 11:29:37'),
(136, 2, 13, 6, '12:29', '12:29', '1', '2024-12-12 11:29:37', '2024-12-12 11:29:37'),
(137, 2, 13, 7, '12:29', '20:33', '10', '2024-12-12 11:29:37', '2024-12-12 11:29:37'),
(141, 2, 1, 2, '23:29', '22:29', '26', '2024-12-12 11:31:03', '2024-12-12 11:31:03'),
(140, 2, 1, 1, '22:23', '23:29', '1', '2024-12-12 11:31:03', '2024-12-12 11:31:03'),
(142, 2, 1, 3, '22:30', '23:30', '123', '2024-12-12 11:31:03', '2024-12-12 11:31:03'),
(143, 2, 1, 4, '23:30', '12:30', '123', '2024-12-12 11:31:03', '2024-12-12 11:31:03'),
(144, 2, 1, 5, '13:30', '14:30', '8', '2024-12-12 11:31:03', '2024-12-12 11:31:03'),
(145, 2, 1, 6, '20:34', '14:30', '123', '2024-12-12 11:31:03', '2024-12-12 11:31:03'),
(146, 2, 1, 7, '23:30', '12:30', '10', '2024-12-12 11:31:03', '2024-12-12 11:31:03'),
(389, 10, 10, 2, '23:31', '23:31', '3', '2024-12-21 00:57:18', '2024-12-21 00:57:18'),
(150, 6, 10, 2, '18:57', '19:57', '8', '2024-12-13 08:57:49', '2024-12-13 08:57:49'),
(151, 6, 10, 3, '18:57', '20:57', '12', '2024-12-13 08:57:49', '2024-12-13 08:57:49'),
(152, 6, 10, 4, '17:57', '18:57', '10', '2024-12-13 08:57:49', '2024-12-13 08:57:49'),
(153, 6, 10, 5, '21:57', '21:57', '7', '2024-12-13 08:57:49', '2024-12-13 08:57:49'),
(154, 6, 10, 6, '18:57', '21:57', '3', '2024-12-13 08:57:49', '2024-12-13 08:57:49'),
(155, 6, 10, 7, '19:57', '20:57', '7', '2024-12-13 08:57:49', '2024-12-13 08:57:49'),
(156, 6, 11, 1, '17:58', '18:58', '1', '2024-12-13 08:58:47', '2024-12-13 08:58:47'),
(157, 6, 11, 2, '18:58', '18:58', '26', '2024-12-13 08:58:47', '2024-12-13 08:58:47'),
(158, 6, 11, 3, '18:58', '18:58', '123', '2024-12-13 08:58:47', '2024-12-13 08:58:47'),
(159, 6, 11, 4, '17:58', '18:58', '15', '2024-12-13 08:58:47', '2024-12-13 08:58:47'),
(160, 6, 11, 5, '05:59', '22:58', '4', '2024-12-13 08:58:47', '2024-12-13 08:58:47'),
(161, 6, 11, 6, '21:58', '23:58', '123', '2024-12-13 08:58:47', '2024-12-13 08:58:47'),
(162, 6, 11, 7, '20:58', '23:58', '7', '2024-12-13 08:58:47', '2024-12-13 08:58:47'),
(163, 6, 8, 1, '17:58', '17:58', '1', '2024-12-13 08:59:38', '2024-12-13 08:59:38'),
(164, 6, 8, 2, '17:59', '17:59', '8', '2024-12-13 08:59:38', '2024-12-13 08:59:38'),
(165, 6, 8, 3, '19:59', '18:59', '123', '2024-12-13 08:59:38', '2024-12-13 08:59:38'),
(166, 6, 8, 4, '22:59', '22:59', '3', '2024-12-13 08:59:38', '2024-12-13 08:59:38'),
(167, 6, 8, 5, '22:59', '21:59', '7', '2024-12-13 08:59:38', '2024-12-13 08:59:38'),
(168, 6, 8, 6, '21:59', '23:59', '9', '2024-12-13 08:59:38', '2024-12-13 08:59:38'),
(169, 6, 8, 7, '20:59', '23:59', '10', '2024-12-13 08:59:38', '2024-12-13 08:59:38'),
(170, 6, 9, 1, '18:00', '18:00', '1', '2024-12-13 09:00:44', '2024-12-13 09:00:44'),
(171, 6, 9, 2, '19:00', '20:00', '8', '2024-12-13 09:00:44', '2024-12-13 09:00:44'),
(172, 6, 9, 3, '20:00', '21:00', '3', '2024-12-13 09:00:44', '2024-12-13 09:00:44'),
(173, 6, 9, 4, '21:00', '22:00', '123', '2024-12-13 09:00:44', '2024-12-13 09:00:44'),
(174, 6, 9, 5, '22:00', '23:00', '4', '2024-12-13 09:00:44', '2024-12-13 09:00:44'),
(175, 6, 9, 6, '22:00', '22:00', '1', '2024-12-13 09:00:44', '2024-12-13 09:00:44'),
(176, 6, 9, 7, '22:02', '21:00', '7', '2024-12-13 09:00:44', '2024-12-13 09:00:44'),
(324, 6, 6, 1, '20:01', '21:01', '15', '2024-12-21 00:49:52', '2024-12-21 00:49:52'),
(428, 6, 12, 3, '11:50', '09:50', '123', '2025-01-16 12:03:33', '2025-01-16 12:03:33'),
(327, 6, 2, 1, '22:48', '23:48', '1', '2024-12-21 00:50:21', '2024-12-21 00:50:21'),
(330, 6, 3, 1, '09:50', '00:50', '56', '2024-12-21 00:50:32', '2024-12-21 00:50:32'),
(332, 6, 1, 1, '09:50', '11:50', '56', '2024-12-21 00:50:53', '2024-12-21 00:50:53'),
(335, 7, 6, 1, '19:50', '23:50', '3', '2024-12-21 00:51:08', '2024-12-21 00:51:08'),
(338, 7, 12, 2, '22:02', '23:02', '12', '2024-12-21 00:51:18', '2024-12-21 00:51:18'),
(340, 7, 2, 1, '10:51', '00:51', '5', '2024-12-21 00:51:33', '2024-12-21 00:51:33'),
(343, 7, 4, 3, '09:51', '11:51', '12', '2024-12-21 00:51:45', '2024-12-21 00:51:45'),
(348, 7, 3, 4, '09:51', '01:51', '15', '2024-12-21 00:52:23', '2024-12-21 00:52:23'),
(358, 8, 8, 4, '00:53', '01:53', '5', '2024-12-21 00:53:35', '2024-12-21 00:53:35'),
(367, 9, 2, 1, '22:51', '23:51', '1', '2024-12-21 00:55:22', '2024-12-21 00:55:22'),
(388, 10, 10, 1, '18:51', '19:51', '3', '2024-12-21 00:57:18', '2024-12-21 00:57:18'),
(384, 9, 8, 4, '23:17', '12:17', '5', '2024-12-21 00:56:36', '2024-12-21 00:56:36'),
(375, 9, 1, 6, '12:16', '14:16', '3', '2024-12-21 00:55:46', '2024-12-21 00:55:46'),
(374, 9, 1, 5, '11:55', '02:55', '2', '2024-12-21 00:55:46', '2024-12-21 00:55:46'),
(373, 9, 1, 4, '20:16', '22:16', '3', '2024-12-21 00:55:46', '2024-12-21 00:55:46'),
(372, 9, 1, 3, '12:16', '13:16', '10', '2024-12-21 00:55:46', '2024-12-21 00:55:46'),
(371, 9, 1, 1, '20:15', '21:15', '56', '2024-12-21 00:55:46', '2024-12-21 00:55:46'),
(383, 9, 8, 3, '23:17', '12:17', '7', '2024-12-21 00:56:36', '2024-12-21 00:56:36'),
(382, 9, 8, 2, '22:17', '23:17', '12', '2024-12-21 00:56:36', '2024-12-21 00:56:36'),
(381, 9, 8, 1, '20:17', '21:17', '1', '2024-12-21 00:56:36', '2024-12-21 00:56:36'),
(342, 7, 4, 2, '23:03', '22:03', '26', '2024-12-21 00:51:45', '2024-12-21 00:51:45'),
(250, 3, 6, 1, '17:32', '19:32', '56', '2024-12-21 00:40:20', '2024-12-21 00:40:20'),
(319, 5, 2, 3, '23:41', '12:41', '12', '2024-12-21 00:48:32', '2024-12-21 00:48:32'),
(318, 5, 2, 1, '20:48', '22:48', '3', '2024-12-21 00:48:32', '2024-12-21 00:48:32'),
(269, 3, 2, 6, '01:45', '02:45', '3', '2024-12-21 00:41:29', '2024-12-21 00:41:29'),
(268, 3, 2, 5, '10:44', '11:44', '4', '2024-12-21 00:41:29', '2024-12-21 00:41:29'),
(267, 3, 2, 4, '00:44', '01:44', '10', '2024-12-21 00:41:29', '2024-12-21 00:41:29'),
(266, 3, 2, 3, '10:44', '11:44', '12', '2024-12-21 00:41:29', '2024-12-21 00:41:29'),
(265, 3, 2, 2, '09:44', '10:44', '26', '2024-12-21 00:41:29', '2024-12-21 00:41:29'),
(264, 3, 2, 1, '08:44', '08:44', '15', '2024-12-21 00:41:29', '2024-12-21 00:41:29'),
(223, 1, 3, 2, '09:36', '09:36', '8', '2024-12-21 00:37:27', '2024-12-21 00:37:27'),
(224, 1, 3, 3, '10:36', '11:36', '123', '2024-12-21 00:37:27', '2024-12-21 00:37:27'),
(225, 1, 3, 4, '11:37', '00:37', '15', '2024-12-21 00:37:27', '2024-12-21 00:37:27'),
(226, 1, 3, 5, '00:37', '01:37', '123', '2024-12-21 00:37:27', '2024-12-21 00:37:27'),
(227, 1, 3, 6, '01:37', '02:37', '3', '2024-12-21 00:37:27', '2024-12-21 00:37:27'),
(228, 1, 3, 7, '01:37', '03:37', '10', '2024-12-21 00:37:27', '2024-12-21 00:37:27'),
(230, 1, 13, 2, '11:37', '11:37', '26', '2024-12-21 00:38:15', '2024-12-21 00:38:15'),
(231, 1, 13, 3, '11:37', '11:37', '123', '2024-12-21 00:38:15', '2024-12-21 00:38:15'),
(232, 1, 13, 4, '00:37', '01:37', '10', '2024-12-21 00:38:15', '2024-12-21 00:38:15'),
(233, 1, 13, 5, '09:38', '02:38', '123', '2024-12-21 00:38:15', '2024-12-21 00:38:15'),
(234, 1, 13, 6, '10:38', '02:38', '12', '2024-12-21 00:38:15', '2024-12-21 00:38:15'),
(235, 1, 13, 7, '00:38', '00:37', '7', '2024-12-21 00:38:15', '2024-12-21 00:38:15'),
(237, 1, 1, 2, '10:38', '09:38', '8', '2024-12-21 00:39:04', '2024-12-21 00:39:04'),
(238, 1, 1, 3, '11:38', '09:38', '12', '2024-12-21 00:39:04', '2024-12-21 00:39:04'),
(239, 1, 1, 4, '00:38', '09:38', '3', '2024-12-21 00:39:04', '2024-12-21 00:39:04'),
(240, 1, 1, 5, '09:38', '09:38', '3', '2024-12-21 00:39:04', '2024-12-21 00:39:04'),
(241, 1, 1, 6, '10:38', '09:38', '1', '2024-12-21 00:39:04', '2024-12-21 00:39:04'),
(242, 1, 1, 7, '02:38', '09:38', '10', '2024-12-21 00:39:04', '2024-12-21 00:39:04'),
(248, 3, 8, 6, '11:39', '00:39', '1', '2024-12-21 00:39:31', '2024-12-21 00:39:31'),
(249, 3, 8, 7, '00:39', '00:39', '10', '2024-12-21 00:39:31', '2024-12-21 00:39:31'),
(251, 3, 6, 2, '11:39', '09:40', '26', '2024-12-21 00:40:20', '2024-12-21 00:40:20'),
(252, 3, 6, 3, '00:39', '09:40', '12', '2024-12-21 00:40:20', '2024-12-21 00:40:20'),
(253, 3, 6, 4, '01:39', '09:40', '5', '2024-12-21 00:40:20', '2024-12-21 00:40:20'),
(254, 3, 6, 5, '01:39', '09:40', '123', '2024-12-21 00:40:20', '2024-12-21 00:40:20'),
(255, 3, 6, 6, '02:39', '09:40', '1', '2024-12-21 00:40:20', '2024-12-21 00:40:20'),
(256, 3, 6, 7, '03:39', '09:40', '10', '2024-12-21 00:40:20', '2024-12-21 00:40:20'),
(257, 3, 12, 1, '11:40', '10:40', '1', '2024-12-21 00:41:15', '2024-12-21 00:41:15'),
(258, 3, 12, 2, '00:40', '09:40', '26', '2024-12-21 00:41:15', '2024-12-21 00:41:15'),
(259, 3, 12, 3, '00:40', '09:40', '10', '2024-12-21 00:41:15', '2024-12-21 00:41:15'),
(260, 3, 12, 4, '00:40', '11:40', '5', '2024-12-21 00:41:15', '2024-12-21 00:41:15'),
(261, 3, 12, 5, '00:40', '11:40', '7', '2024-12-21 00:41:15', '2024-12-21 00:41:15'),
(262, 3, 12, 6, '02:40', '10:40', '1', '2024-12-21 00:41:15', '2024-12-21 00:41:15'),
(263, 3, 12, 7, '02:40', '10:41', '7', '2024-12-21 00:41:15', '2024-12-21 00:41:15'),
(270, 3, 2, 7, '11:41', '01:41', '7', '2024-12-21 00:41:29', '2024-12-21 00:41:29'),
(271, 3, 3, 1, '10:41', '09:41', '56', '2024-12-21 00:42:15', '2024-12-21 00:42:15'),
(272, 3, 3, 2, '11:41', '09:41', '3', '2024-12-21 00:42:15', '2024-12-21 00:42:15'),
(273, 3, 3, 3, '00:41', '09:41', '12', '2024-12-21 00:42:15', '2024-12-21 00:42:15'),
(274, 3, 3, 4, '01:41', '09:41', '3', '2024-12-21 00:42:15', '2024-12-21 00:42:15'),
(275, 3, 3, 5, '01:41', '10:41', '123', '2024-12-21 00:42:15', '2024-12-21 00:42:15'),
(276, 3, 3, 6, '02:41', '01:42', '1', '2024-12-21 00:42:15', '2024-12-21 00:42:15'),
(277, 3, 3, 7, '03:41', '02:42', '10', '2024-12-21 00:42:15', '2024-12-21 00:42:15'),
(278, 3, 1, 1, '10:42', '09:42', '56', '2024-12-21 00:43:05', '2024-12-21 00:43:05'),
(279, 3, 1, 2, '11:42', '09:42', '26', '2024-12-21 00:43:05', '2024-12-21 00:43:05'),
(280, 3, 1, 3, '00:42', '09:42', '123', '2024-12-21 00:43:05', '2024-12-21 00:43:05'),
(281, 3, 1, 4, '01:42', '11:42', '15', '2024-12-21 00:43:06', '2024-12-21 00:43:06'),
(282, 3, 1, 5, '02:42', '00:42', '4', '2024-12-21 00:43:06', '2024-12-21 00:43:06'),
(283, 3, 1, 6, '02:42', '01:42', '9', '2024-12-21 00:43:06', '2024-12-21 00:43:06'),
(284, 3, 1, 7, '03:42', '01:42', '7', '2024-12-21 00:43:06', '2024-12-21 00:43:06'),
(286, 4, 10, 2, '10:43', '11:43', '26', '2024-12-21 00:44:02', '2024-12-21 00:44:02'),
(287, 4, 10, 3, '00:43', '09:43', '12', '2024-12-21 00:44:02', '2024-12-21 00:44:02'),
(288, 4, 10, 4, '00:43', '09:43', '5', '2024-12-21 00:44:02', '2024-12-21 00:44:02'),
(289, 4, 10, 5, '11:43', '21:43', '123', '2024-12-21 00:44:02', '2024-12-21 00:44:02'),
(290, 4, 10, 6, '02:43', '11:43', '1', '2024-12-21 00:44:02', '2024-12-21 00:44:02'),
(291, 4, 10, 7, '01:43', '09:47', '10', '2024-12-21 00:44:02', '2024-12-21 00:44:02'),
(292, 4, 11, 1, '10:44', '09:44', '1', '2024-12-21 00:44:50', '2024-12-21 00:44:50'),
(293, 4, 11, 2, '11:44', '09:44', '8', '2024-12-21 00:44:50', '2024-12-21 00:44:50'),
(294, 4, 11, 3, '00:44', '09:44', '123', '2024-12-21 00:44:50', '2024-12-21 00:44:50'),
(295, 4, 11, 4, '00:44', '10:44', '123', '2024-12-21 00:44:50', '2024-12-21 00:44:50'),
(296, 4, 11, 5, '01:44', '11:44', '7', '2024-12-21 00:44:50', '2024-12-21 00:44:50'),
(297, 4, 11, 6, '00:44', '01:44', '9', '2024-12-21 00:44:50', '2024-12-21 00:44:50'),
(298, 4, 11, 7, '02:44', '02:44', '7', '2024-12-21 00:44:50', '2024-12-21 00:44:50'),
(299, 4, 8, 1, '10:45', '09:45', '56', '2024-12-21 00:45:49', '2024-12-21 00:45:49'),
(300, 4, 8, 2, '11:45', '09:45', '8', '2024-12-21 00:45:49', '2024-12-21 00:45:49'),
(301, 4, 8, 3, '00:45', '11:45', '12', '2024-12-21 00:45:49', '2024-12-21 00:45:49'),
(302, 4, 8, 4, '01:45', '11:45', '15', '2024-12-21 00:45:49', '2024-12-21 00:45:49'),
(303, 4, 8, 5, '01:45', '00:45', '7', '2024-12-21 00:45:49', '2024-12-21 00:45:49'),
(304, 4, 8, 6, '01:45', '03:45', '9', '2024-12-21 00:45:49', '2024-12-21 00:45:49'),
(305, 4, 8, 7, '02:45', '02:45', '7', '2024-12-21 00:45:49', '2024-12-21 00:45:49'),
(306, 4, 9, 1, '09:45', '10:45', '56', '2024-12-21 00:46:37', '2024-12-21 00:46:37'),
(307, 4, 9, 2, '10:46', '10:46', '8', '2024-12-21 00:46:37', '2024-12-21 00:46:37'),
(308, 4, 9, 3, '00:46', '09:46', '123', '2024-12-21 00:46:37', '2024-12-21 00:46:37'),
(309, 4, 9, 4, '00:46', '10:46', '10', '2024-12-21 00:46:37', '2024-12-21 00:46:37'),
(310, 4, 9, 5, '02:46', '00:46', '2', '2024-12-21 00:46:37', '2024-12-21 00:46:37'),
(311, 4, 9, 6, '03:46', '01:46', '12', '2024-12-21 00:46:37', '2024-12-21 00:46:37'),
(312, 4, 9, 7, '03:46', '01:46', '7', '2024-12-21 00:46:37', '2024-12-21 00:46:37'),
(313, 4, 6, 1, '09:46', '02:46', '5', '2024-12-21 00:46:49', '2024-12-21 00:46:49'),
(314, 4, 12, 1, '10:47', '02:47', '123', '2024-12-21 00:47:39', '2024-12-21 00:47:39'),
(315, 4, 2, 1, '10:47', '00:47', '56', '2024-12-21 00:47:51', '2024-12-21 00:47:51'),
(316, 4, 3, 1, '11:47', '02:47', '15', '2024-12-21 00:48:04', '2024-12-21 00:48:04'),
(317, 4, 1, 1, '00:48', '02:48', '5', '2024-12-21 00:48:16', '2024-12-21 00:48:16'),
(321, 5, 2, 5, '10:48', '01:48', '3', '2024-12-21 00:48:32', '2024-12-21 00:48:32'),
(322, 5, 1, 1, '23:48', '00:48', '56', '2024-12-21 00:48:47', '2024-12-21 00:48:47'),
(323, 5, 3, 1, '09:48', '10:48', '56', '2024-12-21 00:48:59', '2024-12-21 00:48:59'),
(427, 6, 12, 1, '18:05', '23:01', '3', '2025-01-16 12:03:33', '2025-01-16 12:03:33'),
(329, 6, 2, 6, '09:50', '01:50', '3', '2024-12-21 00:50:21', '2024-12-21 00:50:21'),
(331, 6, 3, 4, '22:01', '12:01', '15', '2024-12-21 00:50:32', '2024-12-21 00:50:32'),
(333, 6, 1, 2, '09:50', '11:50', '26', '2024-12-21 00:50:53', '2024-12-21 00:50:53'),
(334, 6, 1, 6, '22:02', '22:02', '3', '2024-12-21 00:50:53', '2024-12-21 00:50:53'),
(337, 7, 6, 6, '21:02', '23:02', '123', '2024-12-21 00:51:08', '2024-12-21 00:51:08'),
(339, 7, 12, 4, '09:51', '00:51', '3', '2024-12-21 00:51:18', '2024-12-21 00:51:18'),
(341, 7, 2, 6, '22:03', '23:03', '1', '2024-12-21 00:51:33', '2024-12-21 00:51:33'),
(344, 7, 4, 6, '12:18', '13:18', '12', '2024-12-21 00:51:45', '2024-12-21 00:51:45'),
(347, 7, 3, 2, '22:03', '18:08', '12', '2024-12-21 00:52:23', '2024-12-21 00:52:23'),
(349, 7, 3, 5, '03:52', '02:52', '4', '2024-12-21 00:52:23', '2024-12-21 00:52:23'),
(350, 7, 3, 6, '03:52', '00:52', '1', '2024-12-21 00:52:23', '2024-12-21 00:52:23'),
(351, 7, 1, 1, '09:52', '01:52', '3', '2024-12-21 00:52:37', '2024-12-21 00:52:37'),
(353, 8, 10, 3, '09:52', '00:52', '10', '2024-12-21 00:52:56', '2024-12-21 00:52:56'),
(354, 8, 11, 4, '09:53', '00:53', '10', '2024-12-21 00:53:09', '2024-12-21 00:53:09'),
(357, 8, 8, 1, '22:04', '23:04', '5', '2024-12-21 00:53:35', '2024-12-21 00:53:35'),
(359, 8, 9, 1, '10:53', '00:53', '1', '2024-12-21 00:53:49', '2024-12-21 00:53:49'),
(360, 8, 6, 4, '01:53', '02:53', '6', '2024-12-21 00:54:01', '2024-12-21 00:54:01'),
(361, 8, 12, 1, '10:54', '01:54', '5', '2024-12-21 00:54:13', '2024-12-21 00:54:13'),
(362, 8, 2, 1, '11:54', '00:54', '56', '2024-12-21 00:54:25', '2024-12-21 00:54:25'),
(363, 8, 3, 1, '10:54', '01:54', '15', '2024-12-21 00:54:37', '2024-12-21 00:54:37'),
(364, 8, 1, 5, '10:54', '11:54', '4', '2024-12-21 00:54:52', '2024-12-21 00:54:52'),
(366, 9, 12, 2, '09:55', '00:55', '12', '2024-12-21 00:55:10', '2024-12-21 00:55:10'),
(369, 9, 2, 4, '00:55', '02:55', '15', '2024-12-21 00:55:22', '2024-12-21 00:55:22'),
(370, 9, 3, 4, '09:55', '00:58', '10', '2024-12-21 00:55:34', '2024-12-21 00:55:34'),
(376, 9, 1, 7, '12:16', '23:16', '11', '2024-12-21 00:55:46', '2024-12-21 00:55:46'),
(377, 9, 10, 4, '09:55', '00:55', '5', '2024-12-21 00:55:58', '2024-12-21 00:55:58'),
(379, 9, 11, 3, '09:56', '02:56', '10', '2024-12-21 00:56:25', '2024-12-21 00:56:25'),
(380, 9, 11, 4, '10:56', '00:56', '15', '2024-12-21 00:56:25', '2024-12-21 00:56:25'),
(385, 9, 8, 5, '09:56', '11:56', '4', '2024-12-21 00:56:36', '2024-12-21 00:56:36'),
(386, 9, 9, 1, '11:56', '00:56', '56', '2024-12-21 00:56:52', '2024-12-21 00:56:52'),
(387, 9, 6, 5, '09:56', '00:56', '3', '2024-12-21 00:57:02', '2024-12-21 00:57:02'),
(391, 10, 10, 7, '22:06', '23:06', '10', '2024-12-21 00:57:18', '2024-12-21 00:57:18'),
(393, 11, 10, 2, '09:57', '11:57', '26', '2024-12-21 00:57:31', '2024-12-21 00:57:31'),
(394, 11, 11, 4, '09:57', '11:57', '10', '2024-12-21 00:57:43', '2024-12-21 00:57:43'),
(395, 11, 8, 1, '11:57', '01:57', '15', '2024-12-21 00:57:54', '2024-12-21 00:57:54'),
(396, 11, 9, 1, '09:57', '11:58', '1', '2024-12-21 00:58:06', '2024-12-21 00:58:06'),
(397, 11, 6, 1, '00:58', '03:58', '15', '2024-12-21 00:58:17', '2024-12-21 00:58:17'),
(398, 11, 12, 1, '11:58', '03:58', '4', '2024-12-21 00:58:28', '2024-12-21 00:58:28'),
(399, 11, 2, 4, '09:58', '01:58', '5', '2024-12-21 00:58:42', '2024-12-21 00:58:42'),
(400, 11, 4, 4, '09:58', '01:58', '10', '2024-12-21 00:58:55', '2024-12-21 00:58:55'),
(401, 11, 7, 3, '09:59', '10:59', '10', '2024-12-21 00:59:08', '2024-12-21 00:59:08'),
(402, 11, 5, 2, '00:59', '02:59', '8', '2024-12-21 00:59:20', '2024-12-21 00:59:20'),
(403, 11, 3, 2, '09:59', '00:59', '8', '2024-12-21 00:59:33', '2024-12-21 00:59:33'),
(404, 11, 1, 1, '10:59', '02:59', '56', '2024-12-21 00:59:58', '2024-12-21 00:59:58'),
(405, 12, 11, 1, '10:00', '00:00', '1', '2024-12-21 01:00:23', '2024-12-21 01:00:23'),
(406, 12, 11, 2, '00:00', '02:00', '12', '2024-12-21 01:00:23', '2024-12-21 01:00:23'),
(407, 12, 9, 1, '10:00', '02:00', '56', '2024-12-21 01:00:53', '2024-12-21 01:00:53'),
(408, 12, 9, 2, '03:00', '04:00', '26', '2024-12-21 01:00:53', '2024-12-21 01:00:53'),
(409, 12, 9, 3, '02:00', '04:00', '7', '2024-12-21 01:00:53', '2024-12-21 01:00:53'),
(425, 12, 6, 2, '10:01', '01:01', '8', '2024-12-21 01:02:36', '2024-12-21 01:02:36'),
(424, 12, 6, 1, '10:00', '00:01', '1', '2024-12-21 01:02:36', '2024-12-21 01:02:36'),
(419, 12, 2, 3, '02:01', '03:02', '3', '2024-12-21 01:02:23', '2024-12-21 01:02:23'),
(418, 12, 2, 2, '10:01', '01:01', '26', '2024-12-21 01:02:23', '2024-12-21 01:02:23'),
(417, 12, 2, 1, '01:01', '03:01', '15', '2024-12-21 01:02:23', '2024-12-21 01:02:23'),
(420, 12, 2, 4, '10:02', '03:02', '3', '2024-12-21 01:02:23', '2024-12-21 01:02:23'),
(421, 12, 2, 5, '11:01', '02:01', '4', '2024-12-21 01:02:23', '2024-12-21 01:02:23'),
(422, 12, 2, 6, '01:02', '03:02', '3', '2024-12-21 01:02:23', '2024-12-21 01:02:23'),
(423, 12, 2, 7, '01:02', '04:02', '10', '2024-12-21 01:02:23', '2024-12-21 01:02:23'),
(426, 12, 6, 4, '02:02', '03:02', '9', '2024-12-21 01:02:36', '2024-12-21 01:02:36'),
(429, 6, 12, 4, '21:03', '12:03', '10', '2025-01-16 12:03:33', '2025-01-16 12:03:33'),
(430, 6, 12, 5, '12:03', '15:03', '3', '2025-01-16 12:03:33', '2025-01-16 12:03:33'),
(431, 6, 12, 6, '23:03', '12:03', '1', '2025-01-16 12:03:33', '2025-01-16 12:03:33'),
(432, 6, 12, 7, '12:03', '14:03', '7', '2025-01-16 12:03:33', '2025-01-16 12:03:33');

-- --------------------------------------------------------

--
-- Table structure for table `exam`
--

DROP TABLE IF EXISTS `exam`;
CREATE TABLE IF NOT EXISTS `exam` (
  `id` int NOT NULL AUTO_INCREMENT,
  `name` varchar(255) CHARACTER SET utf8mb4 COLLATE utf8mb4_general_ci DEFAULT NULL,
  `note` varchar(2000) CHARACTER SET utf8mb4 COLLATE utf8mb4_general_ci DEFAULT NULL,
  `created_by` int DEFAULT NULL,
  `is_delete` tinyint NOT NULL DEFAULT '0',
  `created_at` timestamp NULL DEFAULT NULL,
  `updated_at` timestamp NULL DEFAULT NULL,
  PRIMARY KEY (`id`)
) ENGINE=MyISAM AUTO_INCREMENT=6 DEFAULT CHARSET=utf8mb4 COLLATE=utf8mb4_general_ci;

--
-- Dumping data for table `exam`
--

INSERT INTO `exam` (`id`, `name`, `note`, `created_by`, `is_delete`, `created_at`, `updated_at`) VALUES
(1, 'Second Term 2026', 'Test 1', 19, 0, '2024-12-01 04:54:15', '2024-12-24 00:59:11'),
(2, 'First Term 2026', 'Note Test 4', 19, 0, '2024-12-15 04:55:53', '2024-12-24 00:58:55'),
(3, 'Final Term 2025', 'Test Note 2', 19, 0, '2024-12-15 05:13:05', '2024-12-24 00:58:40'),
(4, 'Second Term 2024', 'Test 3', 19, 0, '2024-12-15 05:18:04', '2024-12-24 00:58:22'),
(5, 'First Term 2024', 'Note Test 5', 19, 0, '2024-12-15 05:39:31', '2024-12-24 00:57:26');

-- --------------------------------------------------------

--
-- Table structure for table `exam_schedule`
--

DROP TABLE IF EXISTS `exam_schedule`;
CREATE TABLE IF NOT EXISTS `exam_schedule` (
  `id` int NOT NULL AUTO_INCREMENT,
  `exam_id` int DEFAULT NULL,
  `class_id` int DEFAULT NULL,
  `subject_id` int DEFAULT NULL,
  `exam_date` date DEFAULT NULL,
  `start_time` varchar(25) CHARACTER SET utf8mb4 COLLATE utf8mb4_general_ci DEFAULT NULL,
  `end_time` varchar(25) CHARACTER SET utf8mb4 COLLATE utf8mb4_general_ci DEFAULT NULL,
  `room_number` varchar(255) CHARACTER SET utf8mb4 COLLATE utf8mb4_general_ci DEFAULT NULL,
  `full_marks` varchar(255) CHARACTER SET utf8mb4 COLLATE utf8mb4_general_ci DEFAULT NULL,
  `passing_marks` varchar(255) CHARACTER SET utf8mb4 COLLATE utf8mb4_general_ci DEFAULT NULL,
  `created_by` int DEFAULT NULL,
  `created_at` datetime DEFAULT NULL,
  `updated_at` datetime DEFAULT NULL,
  PRIMARY KEY (`id`)
) ENGINE=MyISAM AUTO_INCREMENT=198 DEFAULT CHARSET=utf8mb4 COLLATE=utf8mb4_general_ci;

--
-- Dumping data for table `exam_schedule`
--

INSERT INTO `exam_schedule` (`id`, `exam_id`, `class_id`, `subject_id`, `exam_date`, `start_time`, `end_time`, `room_number`, `full_marks`, `passing_marks`, `created_by`, `created_at`, `updated_at`) VALUES
(105, 1, 1, 13, '2024-12-17', '14:16', '15:16', '10', '100', '50', 19, '2024-12-22 07:45:03', '2024-12-22 07:45:03'),
(104, 1, 1, 3, '2024-12-27', '14:16', '16:16', '6', '100', '55', 19, '2024-12-22 07:45:03', '2024-12-22 07:45:03'),
(103, 1, 1, 4, '2025-01-10', '12:14', '14:14', '2', '100', '55', 19, '2024-12-22 07:45:03', '2024-12-22 07:45:03'),
(102, 1, 1, 2, '2024-12-17', '13:40', '14:35', '5', '100', '50', 19, '2024-12-22 07:45:03', '2024-12-22 07:45:03'),
(108, 1, 2, 13, '2024-12-19', '23:36', '12:36', '6', '100', '75', 19, '2024-12-22 07:45:26', '2024-12-22 07:45:26'),
(107, 1, 2, 3, '2024-12-18', '21:36', '23:36', '7', '100', '50', 19, '2024-12-22 07:45:26', '2024-12-22 07:45:26'),
(138, 1, 3, 3, '2025-01-10', '13:15', '16:15', '3', '100', '55', 19, '2024-12-22 07:52:36', '2024-12-22 07:52:36'),
(132, 3, 1, 6, '2024-12-19', '08:34', '08:34', '4', '100', '55', 19, '2024-12-22 07:51:42', '2024-12-22 07:51:42'),
(19, 4, 1, 11, '2024-12-18', '13:38', '14:38', '8', '100', '55', 19, '2024-12-18 16:08:21', '2024-12-18 16:08:21'),
(20, 2, 1, 11, '2024-12-18', '23:38', '14:38', '10', '100', '50', 19, '2024-12-18 16:08:43', '2024-12-18 16:08:43'),
(21, 5, 1, 11, '2024-12-18', '12:38', '13:38', '7', '100', '50', 19, '2024-12-18 16:09:13', '2024-12-18 16:09:13'),
(177, 2, 2, 13, '2024-12-18', '20:43', '20:46', '6', '80', '40', 19, '2024-12-22 08:01:21', '2024-12-22 08:01:21'),
(176, 2, 2, 3, '2024-12-18', '21:39', '22:39', '10', '75', '40', 19, '2024-12-22 08:01:21', '2024-12-22 08:01:21'),
(163, 2, 3, 12, '2025-01-20', '10:39', '11:39', '5', '100', '50', 19, '2024-12-22 07:57:35', '2024-12-22 07:57:35'),
(26, 2, 4, 10, '2024-12-18', '12:40', '13:40', '7', '100', '40', 19, '2024-12-18 16:11:04', '2024-12-18 16:11:04'),
(183, 3, 2, 13, '2024-12-20', '11:34', '00:34', '5', '80', '55', 19, '2024-12-22 08:02:23', '2024-12-22 08:02:23'),
(151, 3, 3, 3, '2025-03-01', '13:23', '17:24', '3', '100', '55', 19, '2024-12-22 07:54:08', '2024-12-22 07:54:08'),
(150, 3, 3, 2, '2025-01-11', '08:35', '08:35', '2', '100', '55', 19, '2024-12-22 07:54:08', '2024-12-22 07:54:08'),
(101, 1, 1, 6, '2024-12-18', '21:35', '22:35', '4', '100', '55', 19, '2024-12-22 07:45:03', '2024-12-22 07:45:03'),
(100, 1, 1, 9, '2024-12-19', '20:33', '21:33', '6', '80', '40', 19, '2024-12-22 07:45:03', '2024-12-22 07:45:03'),
(118, 1, 5, 2, '2024-12-19', '22:15', '23:15', '10', '100', '55', 19, '2024-12-22 07:47:04', '2024-12-22 07:47:04'),
(195, 1, 4, 1, '2025-01-05', '17:16', '18:16', '10', '100', '50', 19, '2024-12-22 14:37:16', '2024-12-22 14:37:16'),
(99, 1, 1, 11, '2024-12-18', '19:03', '12:03', '10', '100', '40', 19, '2024-12-22 07:45:03', '2024-12-22 07:45:03'),
(131, 3, 1, 11, '2024-12-18', '20:37', '21:37', '8', '100', '50', 19, '2024-12-22 07:51:42', '2024-12-22 07:51:42'),
(182, 3, 2, 3, '2025-01-01', '22:41', '23:41', '7', '100', '40', 19, '2024-12-22 08:02:23', '2024-12-22 08:02:23'),
(149, 3, 3, 12, '2024-12-20', '11:35', '11:35', '5', '100', '50', 19, '2024-12-22 07:54:08', '2024-12-22 07:54:08'),
(148, 3, 3, 6, '2025-05-01', '13:22', '15:22', '2', '100', '55', 19, '2024-12-22 07:54:08', '2024-12-22 07:54:08'),
(156, 4, 3, 12, '2025-01-04', '09:38', '10:38', '5', '100', '50', 19, '2024-12-22 07:54:45', '2024-12-22 07:54:45'),
(185, 4, 4, 10, '2025-01-10', '08:36', '09:36', '10', '100', '55', 19, '2024-12-22 13:04:51', '2024-12-22 13:04:51'),
(137, 1, 3, 2, '2025-01-01', '16:22', '18:22', '2', '100', '55', 19, '2024-12-22 07:52:36', '2024-12-22 07:52:36'),
(136, 1, 3, 6, '2024-12-23', '10:37', '11:37', '4', '100', '55', 19, '2024-12-22 07:52:36', '2024-12-22 07:52:36'),
(147, 3, 3, 9, '2024-12-18', '20:42', '20:04', '6', '100', '75', 19, '2024-12-22 07:54:08', '2024-12-22 07:54:08'),
(155, 4, 3, 6, '2025-01-01', '08:38', '09:38', '4', '100', '55', 19, '2024-12-22 07:54:45', '2024-12-22 07:54:45'),
(154, 4, 3, 9, '2024-12-21', '08:38', '10:38', '5', '100', '75', 19, '2024-12-22 07:54:45', '2024-12-22 07:54:45'),
(153, 4, 3, 8, '2025-01-03', '09:35', '10:36', '10', '100', '40', 19, '2024-12-22 07:54:45', '2024-12-22 07:54:45'),
(162, 2, 3, 6, '2025-06-12', '14:26', '16:27', '4', '100', '55', 19, '2024-12-22 07:57:35', '2024-12-22 07:57:35'),
(161, 2, 3, 9, '2025-05-07', '13:27', '14:27', '6', '100', '75', 19, '2024-12-22 07:57:35', '2024-12-22 07:57:35'),
(160, 2, 3, 8, '2025-01-01', '20:40', '13:40', '5', '100', '78', 19, '2024-12-22 07:57:35', '2024-12-22 07:57:35'),
(168, 5, 3, 9, '2025-01-03', '00:40', '01:40', '6', '100', '75', 19, '2024-12-22 07:59:42', '2024-12-22 07:59:42'),
(167, 5, 3, 8, '2025-01-11', '09:40', '10:40', '10', '100', '40', 19, '2024-12-22 07:59:42', '2024-12-22 07:59:42'),
(135, 1, 3, 9, '2024-12-19', '08:37', '10:37', '6', '80', '75', 19, '2024-12-22 07:52:36', '2024-12-22 07:52:36'),
(86, 3, 8, 10, '2025-01-04', '23:11', '12:11', '10', '100', '55', 19, '2024-12-19 15:42:02', '2024-12-19 15:42:02'),
(87, 3, 9, 12, '2024-12-18', '13:12', '14:12', '1', '100', '50', 19, '2024-12-19 15:42:29', '2024-12-19 15:42:29'),
(88, 3, 10, 10, '2025-01-01', '20:12', '21:12', '8', '100', '40', 19, '2024-12-19 15:42:53', '2024-12-19 15:42:53'),
(89, 3, 11, 10, '2024-12-20', '20:23', '21:23', '7', '100', '55', 19, '2024-12-19 15:54:25', '2024-12-19 15:54:25'),
(90, 3, 11, 11, '2024-12-20', '23:24', '14:24', '6', '80', '55', 19, '2024-12-19 15:54:25', '2024-12-19 15:54:25'),
(129, 3, 12, 11, '2025-01-10', '21:25', '22:25', '5', '100', '75', 19, '2024-12-22 07:51:23', '2024-12-22 07:51:23'),
(128, 3, 12, 10, '2024-12-20', '21:24', '22:24', '10', '100', '75', 19, '2024-12-22 07:51:23', '2024-12-22 07:51:23'),
(126, 1, 12, 10, '2025-01-10', '12:25', '13:25', '7', '100', '50', 19, '2024-12-22 07:50:58', '2024-12-22 07:50:58'),
(94, 4, 12, 10, '2025-01-08', '20:25', '21:25', '7', '100', '50', 19, '2024-12-19 15:56:07', '2024-12-19 15:56:07'),
(196, 2, 12, 10, '2024-12-20', '22:26', '12:26', '8', '100', '55', 19, '2024-12-24 05:51:27', '2024-12-24 05:51:27'),
(97, 5, 12, 10, '2025-01-11', '21:26', '22:26', '7', '100', '55', 19, '2024-12-19 15:58:36', '2024-12-19 15:58:36'),
(98, 5, 12, 2, '2025-01-10', '23:28', '12:28', '2', '100', '55', 19, '2024-12-19 15:58:36', '2024-12-19 15:58:36'),
(106, 1, 1, 1, '2024-12-18', '21:42', '22:42', '12', '100', '50', 19, '2024-12-22 07:45:03', '2024-12-22 07:45:03'),
(109, 1, 2, 1, '2025-01-10', '12:15', '18:15', '4', '100', '55', 19, '2024-12-22 07:45:26', '2024-12-22 07:45:26'),
(134, 1, 3, 8, '2024-12-01', '21:37', '12:37', '8', '100', '78', 19, '2024-12-22 07:52:36', '2024-12-22 07:52:36'),
(194, 1, 4, 12, '2025-01-22', '12:16', '15:16', '3', '100', '55', 19, '2024-12-22 14:37:16', '2024-12-22 14:37:16'),
(193, 1, 4, 8, '2025-05-20', '20:07', '22:07', '2', '100', '55', 19, '2024-12-22 14:37:16', '2024-12-22 14:37:16'),
(119, 1, 5, 3, '2025-03-01', '13:16', '15:16', '6', '100', '75', 19, '2024-12-22 07:47:04', '2024-12-22 07:47:04'),
(120, 1, 6, 10, '2025-01-11', '12:17', '15:17', '7', '100', '40', 19, '2024-12-22 07:47:23', '2024-12-22 07:47:23'),
(121, 1, 7, 6, '2025-01-01', '12:17', '16:17', '7', '75', '55', 19, '2024-12-22 07:47:42', '2024-12-22 07:47:42'),
(122, 1, 8, 10, '2025-01-20', '13:17', '14:17', '10', '100', '40', 19, '2024-12-22 07:48:06', '2024-12-22 07:48:06'),
(123, 1, 9, 12, '2025-03-08', '14:18', '16:18', '10', '100', '40', 19, '2024-12-22 07:48:30', '2024-12-22 07:48:30'),
(124, 1, 10, 10, '2025-02-01', '13:18', '14:18', '8', '100', '75', 19, '2024-12-22 07:48:52', '2024-12-22 07:48:52'),
(125, 1, 11, 11, '2025-01-01', '13:20', '14:20', '6', '100', '75', 19, '2024-12-22 07:50:36', '2024-12-22 07:50:36'),
(127, 1, 12, 9, '2025-02-20', '13:20', '14:20', '4', '100', '55', 19, '2024-12-22 07:50:58', '2024-12-22 07:50:58'),
(130, 3, 12, 9, '2025-01-09', '13:21', '15:21', '4', '100', '55', 19, '2024-12-22 07:51:23', '2024-12-22 07:51:23'),
(133, 3, 1, 2, '2025-03-20', '13:21', '17:21', '5', '100', '50', 19, '2024-12-22 07:51:42', '2024-12-22 07:51:42'),
(139, 1, 3, 1, '2024-12-20', '02:17', '03:17', '4', '100', '55', 19, '2024-12-22 07:52:36', '2024-12-22 07:52:36'),
(146, 3, 3, 8, '2024-12-23', '12:41', '13:41', '5', '100', '55', 19, '2024-12-22 07:54:08', '2024-12-22 07:54:08'),
(152, 3, 3, 1, '2025-01-10', '00:37', '01:37', '4', '100', '55', 19, '2024-12-22 07:54:08', '2024-12-22 07:54:08'),
(157, 4, 3, 2, '2024-12-24', '11:39', '01:39', '2', '100', '55', 19, '2024-12-22 07:54:45', '2024-12-22 07:54:45'),
(158, 4, 3, 3, '2025-03-18', '16:24', '18:24', '3', '100', '55', 19, '2024-12-22 07:54:45', '2024-12-22 07:54:45'),
(159, 4, 3, 1, '2025-03-18', '17:24', '18:24', '4', '100', '55', 19, '2024-12-22 07:54:45', '2024-12-22 07:54:45'),
(164, 2, 3, 2, '2024-12-20', '08:39', '09:39', '2', '100', '55', 19, '2024-12-22 07:57:35', '2024-12-22 07:57:35'),
(165, 2, 3, 3, '2024-12-26', '00:39', '01:39', '3', '100', '55', 19, '2024-12-22 07:57:35', '2024-12-22 07:57:35'),
(166, 2, 3, 1, '2025-07-01', '13:27', '16:27', '4', '100', '55', 19, '2024-12-22 07:57:35', '2024-12-22 07:57:35'),
(169, 5, 3, 6, '2024-12-20', '00:40', '01:40', '4', '100', '55', 19, '2024-12-22 07:59:42', '2024-12-22 07:59:42'),
(170, 5, 3, 12, '2025-11-19', '14:28', '17:28', '5', '100', '50', 19, '2024-12-22 07:59:42', '2024-12-22 07:59:42'),
(171, 5, 3, 2, '2025-07-10', '13:29', '17:29', '2', '100', '55', 19, '2024-12-22 07:59:42', '2024-12-22 07:59:42'),
(172, 5, 3, 3, '2025-05-13', '16:29', '18:29', '3', '100', '55', 19, '2024-12-22 07:59:42', '2024-12-22 07:59:42'),
(173, 5, 3, 1, '2025-04-21', '16:29', '19:29', '4', '100', '55', 19, '2024-12-22 07:59:42', '2024-12-22 07:59:42'),
(174, 5, 2, 3, '2025-04-16', '13:30', '14:30', '7', '100', '40', 19, '2024-12-22 08:01:02', '2024-12-22 08:01:02'),
(175, 5, 2, 13, '2025-05-24', '14:30', '15:30', '6', '100', '40', 19, '2024-12-22 08:01:02', '2024-12-22 08:01:02'),
(178, 2, 2, 1, '2025-09-24', '15:31', '18:31', '4', '100', '55', 19, '2024-12-22 08:01:21', '2024-12-22 08:01:21'),
(179, 4, 2, 3, '2025-07-16', '13:31', '15:31', '7', '100', '40', 19, '2024-12-22 08:02:04', '2024-12-22 08:02:04'),
(180, 4, 2, 13, '2025-05-28', '16:31', '18:31', '6', '100', '40', 19, '2024-12-22 08:02:04', '2024-12-22 08:02:04'),
(181, 4, 2, 1, '2025-07-15', '15:31', '17:31', '4', '100', '55', 19, '2024-12-22 08:02:04', '2024-12-22 08:02:04'),
(184, 3, 2, 1, '2025-11-12', '13:32', '14:32', '4', '100', '55', 19, '2024-12-22 08:02:23', '2024-12-22 08:02:23'),
(186, 4, 4, 11, '2025-05-14', '17:34', '21:34', '6', '100', '75', 19, '2024-12-22 13:04:51', '2024-12-22 13:04:51'),
(187, 4, 5, 2, '2025-04-17', '17:35', '20:35', '7', '75', '40', 19, '2024-12-22 13:05:18', '2024-12-22 13:05:18'),
(192, 1, 4, 10, '2024-12-20', '22:16', '14:16', '8', '100', '50', 19, '2024-12-22 14:37:16', '2024-12-22 14:37:16'),
(197, 2, 12, 11, '2024-12-25', '11:21', '01:21', '5', '100', '40', 19, '2024-12-24 05:51:27', '2024-12-24 05:51:27');

-- --------------------------------------------------------

--
-- Table structure for table `failed_jobs`
--

DROP TABLE IF EXISTS `failed_jobs`;
CREATE TABLE IF NOT EXISTS `failed_jobs` (
  `id` bigint UNSIGNED NOT NULL AUTO_INCREMENT,
  `uuid` varchar(191) CHARACTER SET utf8mb4 COLLATE utf8mb4_unicode_ci NOT NULL,
  `connection` text CHARACTER SET utf8mb4 COLLATE utf8mb4_unicode_ci NOT NULL,
  `queue` text CHARACTER SET utf8mb4 COLLATE utf8mb4_unicode_ci NOT NULL,
  `payload` longtext CHARACTER SET utf8mb4 COLLATE utf8mb4_unicode_ci NOT NULL,
  `exception` longtext CHARACTER SET utf8mb4 COLLATE utf8mb4_unicode_ci NOT NULL,
  `failed_at` timestamp NOT NULL DEFAULT CURRENT_TIMESTAMP,
  PRIMARY KEY (`id`),
  UNIQUE KEY `failed_jobs_uuid_unique` (`uuid`)
) ENGINE=MyISAM DEFAULT CHARSET=utf8mb4 COLLATE=utf8mb4_unicode_ci;

-- --------------------------------------------------------

--
-- Table structure for table `homework`
--

DROP TABLE IF EXISTS `homework`;
CREATE TABLE IF NOT EXISTS `homework` (
  `id` int NOT NULL AUTO_INCREMENT,
  `class_id` int DEFAULT NULL,
  `subject_id` int DEFAULT NULL,
  `homework_date` date DEFAULT NULL,
  `submission_date` date DEFAULT NULL,
  `document_file` varchar(255) CHARACTER SET utf8mb4 COLLATE utf8mb4_general_ci DEFAULT NULL,
  `description` text CHARACTER SET utf8mb4 COLLATE utf8mb4_general_ci,
  `is_delete` tinyint NOT NULL DEFAULT '0',
  `created_by` int DEFAULT NULL,
  `created_at` timestamp NULL DEFAULT NULL,
  `updated_at` timestamp NULL DEFAULT NULL,
  PRIMARY KEY (`id`)
) ENGINE=MyISAM AUTO_INCREMENT=17 DEFAULT CHARSET=utf8mb4 COLLATE=utf8mb4_general_ci;

--
-- Dumping data for table `homework`
--

INSERT INTO `homework` (`id`, `class_id`, `subject_id`, `homework_date`, `submission_date`, `document_file`, `description`, `is_delete`, `created_by`, `created_at`, `updated_at`) VALUES
(8, 3, 8, '2025-01-01', '2025-01-31', '20250101054438l9vsan3okw9pnuectcem.jpg', '<font color=\"#3b3e41\" face=\"Open Sans, Helvetica, Arial, sans-serif\"><span style=\"font-size: 17.2px; letter-spacing: 0.86px;\">The word rejuvenate is intended for mature audiences—that is, it applies to people and things that are no longer green to this world. While there is no true Fountain of Youth that can turn back the clock, rejuvenation can at least restore a bit of youthful appearance, health, or vigor. Rejuvenate originated as a combination of the prefix re-, which means \"again,\" and the Latin juvenis, meaning \"young.\" (It will come as no surprise that juvenis is also an ancestor of juvenile and junior). Its first-known use in the mid-18th century was in reference to \"certain Potions\" rejuvenating \"the noble Parts\" of those suffering</span></font>', 0, 19, '2025-01-01 01:14:38', '2025-01-01 01:16:32'),
(7, 2, 13, '2025-02-05', '2025-01-10', '20250101042217jfgrbjno1zh6kloy2ed2.docx', '<p>Test</p>', 0, 19, '2024-12-31 23:52:17', '2025-01-01 01:02:34'),
(4, 1, 11, '2025-01-01', '2025-02-01', '20250101042106vmvzljuvpxn34nabatnmgjdqyvazkn.jpg', '<p>Test for edit</p>', 0, 19, '2024-12-31 02:44:57', '2024-12-31 23:51:06'),
(9, 4, 2, '2025-01-01', '2025-07-31', '20250101060250jud7nvwzqactksfrxqpl.jpg', '<p>For Test</p>', 0, 1, '2025-01-01 01:32:50', '2025-01-01 09:23:24'),
(10, 3, 3, '2025-01-01', '2025-01-31', '20250101021001r2gghcbtgstf0jwdidho.JPG', '<p>Hello 2</p>', 0, 43, '2025-01-01 09:40:01', '2025-01-01 10:13:08'),
(11, 3, 8, '2025-01-01', '2025-01-10', '20250101051730vfnxuvqrh0ihvogqmjqb.jpg', '<p>Test for show the student homework</p>', 0, 1, '2025-01-01 12:47:30', '2025-01-01 12:47:30'),
(12, 3, 12, '2025-01-02', '2025-01-30', '20250101052425i9i8yu1jwnstpcbxec8v.jpg', '<p>Test</p>', 0, 19, '2025-01-01 12:54:25', '2025-01-01 12:54:25'),
(13, 3, 3, '2025-01-15', '2025-08-31', '20250101052501ww7o0x7mhk2jjzfklnuy.jpg', '<p>For test</p>', 0, 19, '2025-01-01 12:55:01', '2025-01-01 12:55:01'),
(14, 3, 3, '2025-01-02', '2025-03-31', '20250102083710zbzdsvjbzjgvdqmdzrlt.jpg', '<p>Test</p><p><br></p>', 0, 19, '2025-01-02 04:07:10', '2025-01-02 08:19:44'),
(15, 3, 9, '2025-01-02', '2025-01-31', '20250102014103z5e6klujlnwpkypjliep.jpg', '<p>Test for Parent</p>', 0, 1, '2025-01-02 09:11:03', '2025-01-02 09:11:03'),
(16, 3, 6, '2025-01-03', '2025-01-10', '20250103020333ap1worqnaoxcybz1fola.jpg', '<p>done the homework</p>', 0, 19, '2025-01-03 09:33:33', '2025-01-03 09:33:33');

-- --------------------------------------------------------

--
-- Table structure for table `homework_submit`
--

DROP TABLE IF EXISTS `homework_submit`;
CREATE TABLE IF NOT EXISTS `homework_submit` (
  `id` int NOT NULL AUTO_INCREMENT,
  `homework_id` int DEFAULT NULL,
  `student_id` int DEFAULT NULL,
  `description` text CHARACTER SET utf8mb4 COLLATE utf8mb4_general_ci,
  `document_file` varchar(255) CHARACTER SET utf8mb4 COLLATE utf8mb4_general_ci DEFAULT NULL,
  `created_at` timestamp NULL DEFAULT NULL,
  `updated_at` timestamp NULL DEFAULT NULL,
  PRIMARY KEY (`id`)
) ENGINE=MyISAM AUTO_INCREMENT=19 DEFAULT CHARSET=utf8mb4 COLLATE=utf8mb4_general_ci;

--
-- Dumping data for table `homework_submit`
--

INSERT INTO `homework_submit` (`id`, `homework_id`, `student_id`, `description`, `document_file`, `created_at`, `updated_at`) VALUES
(1, 10, 34, '<p>Submit home work test</p>', '20250101050324d1z7djufzvvioji86jya.jpg', '2025-01-01 12:33:24', '2025-01-01 12:33:24'),
(2, 10, 34, '<p>Test</p>', '202501010514167dnfdoyekbjsyutwszfk.jpg', '2025-01-01 12:44:16', '2025-01-01 12:44:16'),
(3, 11, 34, '<p>Done</p>', '20250101052206iscyiw1befhkfn1n95dy.jpg', '2025-01-01 12:52:06', '2025-01-01 12:52:06'),
(4, 8, 34, '<p>Done</p><p><br></p>', NULL, '2025-01-01 12:52:18', '2025-01-01 12:52:18'),
(5, 14, 34, '<p>Test</p>', '20250102125030srobwy3mvendii72vl8k.jpg', '2025-01-02 08:20:30', '2025-01-02 08:20:30'),
(6, 13, 34, '<p>Test</p>', '20250102125045eqlmi8rskxrlbjoxzd5k.jpeg', '2025-01-02 08:20:45', '2025-01-02 08:20:45'),
(7, 14, 33, '<p>Test</p>', '20250102125155egsuyd41a3efgo3ufm96.jpg', '2025-01-02 08:21:55', '2025-01-02 08:21:55'),
(8, 13, 33, '<p>Test</p>', '202501021252119uyzgxlfh8t3ak2n00cr.JPG', '2025-01-02 08:22:11', '2025-01-02 08:22:11'),
(9, 8, 33, '<p>Test</p>', '20250102125223nb9gaxj9yqweaag94zrq.jpeg', '2025-01-02 08:22:23', '2025-01-02 08:22:23'),
(10, 12, 33, '<p>Test</p>', '20250102125232tolgskmwib3pvdonxniv.jpg', '2025-01-02 08:22:32', '2025-01-02 08:22:32'),
(11, 14, 32, '<p>test</p>', '20250102125412tlm5blwwok9pkba5twrj.jpg', '2025-01-02 08:24:12', '2025-01-02 08:24:12'),
(12, 13, 32, '<p>Test</p>', '20250102125422nm5figzwak6ztbvpj09o.jpg', '2025-01-02 08:24:22', '2025-01-02 08:24:22'),
(13, 12, 32, '<p>Test</p>', '20250102125432ljygwxigqmlmphh6yvnl.jpg', '2025-01-02 08:24:32', '2025-01-02 08:24:32'),
(14, 11, 32, '<p>Test</p>', '20250102125443quinuoaiq2dbavfvvynn.jpg', '2025-01-02 08:24:43', '2025-01-02 08:24:43'),
(15, 8, 32, '<p>Test</p>', NULL, '2025-01-02 08:24:50', '2025-01-02 08:24:50'),
(16, 10, 32, '<p>Test</p><p><br></p>', '20250102125503vtiobrlq3zwmfbldyvds.JPG', '2025-01-02 08:25:03', '2025-01-02 08:25:03'),
(17, 12, 34, '<p>Test</p>', '20250102125524e0c9ybfjlp3crk3zjkzd.jpg', '2025-01-02 08:25:24', '2025-01-02 08:25:24'),
(18, 16, 45, '<p>I done my homework</p>', '20250103020715arlavdwt2rrdbcdlkfhs.jpg', '2025-01-03 09:37:15', '2025-01-03 09:37:15');

-- --------------------------------------------------------

--
-- Table structure for table `marks_grade`
--

DROP TABLE IF EXISTS `marks_grade`;
CREATE TABLE IF NOT EXISTS `marks_grade` (
  `id` int NOT NULL AUTO_INCREMENT,
  `name` varchar(255) CHARACTER SET utf8mb4 COLLATE utf8mb4_general_ci DEFAULT NULL,
  `percent_from` int NOT NULL DEFAULT '0',
  `percent_to` int NOT NULL DEFAULT '0',
  `created_by` int DEFAULT NULL,
  `is_delete` tinyint NOT NULL DEFAULT '0',
  `created_at` timestamp NULL DEFAULT NULL,
  `updated_at` timestamp NULL DEFAULT NULL,
  PRIMARY KEY (`id`)
) ENGINE=MyISAM AUTO_INCREMENT=7 DEFAULT CHARSET=utf8mb4 COLLATE=utf8mb4_general_ci;

--
-- Dumping data for table `marks_grade`
--

INSERT INTO `marks_grade` (`id`, `name`, `percent_from`, `percent_to`, `created_by`, `is_delete`, `created_at`, `updated_at`) VALUES
(1, 'A', 90, 100, 19, 0, '2024-12-24 11:42:53', '2024-12-24 12:14:06'),
(2, 'B', 80, 89, 19, 0, '2024-12-24 12:14:35', '2024-12-24 12:19:39'),
(3, 'C', 70, 79, 19, 0, '2024-12-24 12:14:53', '2024-12-24 12:19:53'),
(4, 'D', 60, 69, 1, 0, '2024-12-24 12:20:33', '2024-12-24 12:20:33'),
(5, 'E', 50, 59, 1, 0, '2024-12-24 12:21:00', '2024-12-24 12:21:00'),
(6, 'F', 0, 49, 1, 0, '2024-12-24 12:21:30', '2024-12-24 12:27:40');

-- --------------------------------------------------------

--
-- Table structure for table `marks_register`
--

DROP TABLE IF EXISTS `marks_register`;
CREATE TABLE IF NOT EXISTS `marks_register` (
  `id` int NOT NULL AUTO_INCREMENT,
  `student_id` int DEFAULT NULL,
  `exam_id` int DEFAULT NULL,
  `class_id` int DEFAULT NULL,
  `subject_id` int DEFAULT NULL,
  `class_work` int NOT NULL DEFAULT '0',
  `home_work` int NOT NULL DEFAULT '0',
  `test_work` int NOT NULL DEFAULT '0',
  `exam` int NOT NULL DEFAULT '0',
  `full_marks` int DEFAULT '0',
  `passing_marks` int NOT NULL DEFAULT '0',
  `created_by` int DEFAULT NULL,
  `created_at` timestamp NULL DEFAULT NULL,
  `updated_at` timestamp NULL DEFAULT NULL,
  PRIMARY KEY (`id`)
) ENGINE=MyISAM AUTO_INCREMENT=151 DEFAULT CHARSET=utf8mb4 COLLATE=utf8mb4_general_ci;

--
-- Dumping data for table `marks_register`
--

INSERT INTO `marks_register` (`id`, `student_id`, `exam_id`, `class_id`, `subject_id`, `class_work`, `home_work`, `test_work`, `exam`, `full_marks`, `passing_marks`, `created_by`, `created_at`, `updated_at`) VALUES
(1, 34, 3, 3, 3, 15, 10, 10, 60, 100, 55, 19, '2024-12-24 05:06:56', '2024-12-24 13:19:07'),
(2, 34, 3, 3, 12, 10, 15, 15, 50, 100, 50, 19, '2024-12-24 05:09:34', '2024-12-24 13:19:16'),
(3, 34, 3, 3, 2, 10, 5, 10, 50, 100, 55, 19, '2024-12-24 05:09:58', '2024-12-24 13:19:12'),
(4, 34, 3, 3, 6, 5, 10, 10, 65, 100, 55, 19, '2024-12-24 05:09:58', '2024-12-24 05:09:58'),
(5, 34, 3, 3, 9, 10, 10, 10, 55, 100, 75, 19, '2024-12-24 05:09:58', '2024-12-24 05:09:58'),
(6, 34, 3, 3, 8, 10, 10, 10, 50, 100, 55, 19, '2024-12-24 05:09:58', '2024-12-24 05:09:58'),
(7, 34, 3, 3, 1, 10, 10, 10, 40, 100, 55, 19, '2024-12-24 05:09:58', '2024-12-24 05:09:58'),
(8, 33, 3, 3, 3, 15, 10, 15, 30, 100, 55, 19, '2024-12-24 05:32:28', '2024-12-24 05:32:28'),
(9, 33, 3, 3, 2, 10, 5, 10, 35, 100, 55, 19, '2024-12-24 05:32:28', '2024-12-24 05:32:28'),
(10, 33, 3, 3, 12, 5, 5, 15, 30, 100, 50, 19, '2024-12-24 05:32:28', '2024-12-24 05:32:28'),
(11, 33, 3, 3, 6, 5, 10, 10, 50, 100, 55, 19, '2024-12-24 05:32:28', '2024-12-24 05:32:28'),
(12, 33, 3, 3, 9, 10, 10, 10, 55, 100, 75, 19, '2024-12-24 05:32:28', '2024-12-24 05:32:28'),
(13, 33, 3, 3, 8, 5, 5, 5, 50, 100, 55, 19, '2024-12-24 05:32:28', '2024-12-24 06:35:51'),
(14, 33, 3, 3, 1, 10, 10, 10, 40, 100, 55, 19, '2024-12-24 05:32:28', '2024-12-24 05:32:28'),
(15, 27, 3, 1, 6, 15, 5, 10, 55, 100, 55, 19, '2024-12-24 06:34:56', '2024-12-24 06:34:56'),
(16, 27, 3, 1, 11, 10, 5, 10, 25, 100, 50, 19, '2024-12-24 06:34:56', '2024-12-24 06:34:56'),
(17, 27, 3, 1, 2, 10, 15, 15, 40, 100, 50, 19, '2024-12-24 06:34:56', '2024-12-24 06:34:56'),
(18, 23, 3, 2, 13, 15, 10, 10, 35, 80, 55, 19, '2024-12-24 06:35:27', '2024-12-24 06:35:27'),
(19, 23, 3, 2, 3, 10, 5, 10, 40, 100, 40, 19, '2024-12-24 06:35:27', '2024-12-24 06:35:27'),
(20, 23, 3, 2, 1, 10, 5, 15, 40, 100, 55, 19, '2024-12-24 06:35:27', '2024-12-24 06:35:27'),
(21, 32, 3, 3, 3, 15, 10, 15, 60, 100, 55, 19, '2024-12-24 06:36:30', '2024-12-24 06:36:30'),
(22, 32, 3, 3, 2, 10, 5, 10, 50, 100, 55, 19, '2024-12-24 06:36:30', '2024-12-24 12:32:47'),
(23, 32, 3, 3, 12, 10, 15, 15, 50, 100, 50, 19, '2024-12-24 06:36:30', '2024-12-24 12:32:37'),
(24, 32, 3, 3, 6, 5, 10, 10, 75, 100, 55, 19, '2024-12-24 06:36:30', '2024-12-24 12:32:26'),
(25, 32, 3, 3, 9, 10, 10, 10, 70, 100, 75, 19, '2024-12-24 06:36:30', '2024-12-24 12:32:17'),
(26, 32, 3, 3, 8, 10, 10, 10, 70, 100, 55, 19, '2024-12-24 06:36:30', '2024-12-24 12:32:11'),
(27, 32, 3, 3, 1, 10, 10, 10, 70, 100, 55, 19, '2024-12-24 06:36:30', '2024-12-24 12:32:03'),
(28, 25, 3, 8, 10, 20, 5, 10, 30, 100, 55, 19, '2024-12-24 06:37:13', '2024-12-24 06:37:13'),
(29, 21, 3, 8, 10, 15, 20, 10, 30, 100, 55, 19, '2024-12-24 06:37:22', '2024-12-24 06:37:22'),
(30, 20, 3, 9, 12, 15, 10, 10, 55, 100, 50, 19, '2024-12-24 06:37:35', '2024-12-24 06:37:35'),
(31, 22, 3, 10, 10, 15, 10, 15, 50, 100, 40, 19, '2024-12-24 06:38:04', '2024-12-24 06:38:04'),
(32, 28, 3, 12, 11, 15, 10, 10, 35, 100, 75, 19, '2024-12-24 06:38:35', '2024-12-24 06:38:35'),
(33, 28, 3, 12, 10, 10, 5, 10, 60, 100, 75, 19, '2024-12-24 06:38:35', '2024-12-24 06:38:35'),
(34, 28, 3, 12, 9, 10, 5, 15, 40, 100, 55, 19, '2024-12-24 06:38:35', '2024-12-24 06:38:35'),
(35, 27, 5, 1, 11, 15, 10, 10, 50, 100, 50, 19, '2024-12-24 06:38:57', '2024-12-24 06:38:57'),
(36, 23, 5, 2, 3, 15, 10, 10, 50, 100, 40, 19, '2024-12-24 06:41:51', '2024-12-24 06:41:51'),
(37, 23, 5, 2, 13, 10, 5, 10, 60, 100, 40, 19, '2024-12-24 06:41:51', '2024-12-24 06:41:51'),
(38, 34, 5, 3, 9, 15, 10, 10, 35, 100, 75, 19, '2024-12-24 06:42:34', '2024-12-24 06:42:34'),
(39, 34, 5, 3, 8, 10, 5, 10, 40, 100, 40, 19, '2024-12-24 06:42:34', '2024-12-24 06:42:34'),
(40, 34, 5, 3, 6, 10, 15, 15, 35, 100, 55, 19, '2024-12-24 06:42:34', '2024-12-24 06:42:34'),
(41, 34, 5, 3, 12, 5, 10, 10, 30, 100, 50, 19, '2024-12-24 06:42:34', '2024-12-24 06:42:34'),
(42, 34, 5, 3, 2, 10, 10, 10, 55, 100, 55, 19, '2024-12-24 06:42:34', '2024-12-24 06:42:34'),
(43, 34, 5, 3, 3, 10, 10, 15, 35, 100, 55, 19, '2024-12-24 06:42:34', '2024-12-24 06:42:34'),
(44, 34, 5, 3, 1, 10, 10, 10, 40, 100, 55, 19, '2024-12-24 06:42:34', '2024-12-24 06:42:34'),
(45, 33, 5, 3, 9, 15, 10, 10, 55, 100, 75, 19, '2024-12-24 06:43:15', '2024-12-24 06:43:15'),
(46, 33, 5, 3, 8, 10, 5, 10, 40, 100, 40, 19, '2024-12-24 06:43:15', '2024-12-24 06:43:15'),
(47, 33, 5, 3, 6, 10, 15, 15, 40, 100, 55, 19, '2024-12-24 06:43:15', '2024-12-24 06:43:15'),
(48, 33, 5, 3, 12, 10, 10, 10, 30, 100, 50, 19, '2024-12-24 06:43:15', '2024-12-24 06:43:15'),
(49, 33, 5, 3, 2, 10, 10, 10, 55, 100, 55, 19, '2024-12-24 06:43:15', '2024-12-24 06:43:15'),
(50, 33, 5, 3, 3, 10, 5, 10, 50, 100, 55, 19, '2024-12-24 06:43:15', '2024-12-24 06:43:15'),
(51, 33, 5, 3, 1, 10, 10, 10, 40, 100, 55, 19, '2024-12-24 06:43:15', '2024-12-24 06:43:15'),
(52, 32, 5, 3, 9, 15, 10, 10, 55, 100, 75, 19, '2024-12-24 06:43:53', '2024-12-24 06:43:53'),
(53, 32, 5, 3, 8, 10, 5, 10, 60, 100, 40, 19, '2024-12-24 06:43:53', '2024-12-24 06:43:53'),
(54, 32, 5, 3, 6, 10, 15, 15, 35, 100, 55, 19, '2024-12-24 06:43:53', '2024-12-24 06:43:53'),
(55, 32, 5, 3, 12, 5, 10, 10, 65, 100, 50, 19, '2024-12-24 06:43:53', '2024-12-24 06:43:53'),
(56, 32, 5, 3, 2, 10, 10, 10, 55, 100, 55, 19, '2024-12-24 06:43:53', '2024-12-24 06:43:53'),
(57, 32, 5, 3, 3, 10, 10, 10, 50, 100, 55, 19, '2024-12-24 06:43:53', '2024-12-24 06:43:53'),
(58, 32, 5, 3, 1, 10, 10, 10, 40, 100, 55, 19, '2024-12-24 06:43:53', '2024-12-24 06:43:53'),
(59, 30, 5, 3, 9, 15, 10, 10, 35, 100, 75, 19, '2024-12-24 06:44:40', '2024-12-24 06:44:40'),
(60, 30, 5, 3, 8, 10, 5, 10, 25, 100, 40, 19, '2024-12-24 06:44:40', '2024-12-24 06:44:40'),
(61, 30, 5, 3, 6, 10, 15, 15, 35, 100, 55, 19, '2024-12-24 06:44:40', '2024-12-24 06:44:40'),
(62, 30, 5, 3, 12, 10, 10, 10, 50, 100, 50, 19, '2024-12-24 06:44:40', '2024-12-24 06:44:40'),
(63, 30, 5, 3, 2, 10, 15, 10, 55, 100, 55, 19, '2024-12-24 06:44:40', '2024-12-24 06:44:40'),
(64, 30, 5, 3, 3, 10, 10, 10, 50, 100, 55, 19, '2024-12-24 06:44:40', '2024-12-24 06:44:40'),
(65, 30, 5, 3, 1, 10, 10, 10, 40, 100, 55, 19, '2024-12-24 06:44:40', '2024-12-24 06:44:40'),
(66, 28, 5, 12, 10, 20, 5, 10, 30, 100, 55, 19, '2024-12-24 06:45:27', '2024-12-24 06:45:27'),
(67, 28, 5, 12, 2, 15, 5, 10, 40, 100, 55, 19, '2024-12-24 06:45:27', '2024-12-24 06:45:27'),
(68, 27, 2, 1, 11, 20, 10, 10, 35, 100, 50, 19, '2024-12-24 06:45:50', '2024-12-24 06:45:50'),
(69, 23, 2, 2, 3, 10, 5, 10, 25, 75, 40, 19, '2024-12-24 06:46:12', '2024-12-24 06:46:12'),
(70, 23, 2, 2, 1, 5, 15, 15, 40, 100, 55, 19, '2024-12-24 06:46:12', '2024-12-24 06:46:12'),
(71, 23, 2, 2, 13, 15, 10, 10, 30, 80, 40, 19, '2024-12-24 06:46:36', '2024-12-24 06:46:42'),
(72, 34, 2, 3, 12, 15, 10, 10, 65, 100, 50, 19, '2024-12-24 06:47:37', '2024-12-24 06:47:37'),
(73, 34, 2, 3, 6, 10, 5, 10, 40, 100, 55, 19, '2024-12-24 06:47:37', '2024-12-24 06:47:37'),
(74, 34, 2, 3, 9, 10, 15, 15, 40, 100, 75, 19, '2024-12-24 06:47:37', '2024-12-24 06:47:37'),
(75, 34, 2, 3, 8, 5, 10, 10, 50, 100, 78, 19, '2024-12-24 06:47:37', '2024-12-24 06:47:37'),
(76, 34, 2, 3, 2, 10, 10, 10, 55, 100, 55, 19, '2024-12-24 06:47:37', '2024-12-24 06:47:37'),
(77, 34, 2, 3, 3, 10, 10, 15, 35, 100, 55, 19, '2024-12-24 06:47:37', '2024-12-24 06:47:37'),
(78, 34, 2, 3, 1, 10, 10, 10, 40, 100, 55, 19, '2024-12-24 06:47:37', '2024-12-24 06:47:37'),
(79, 33, 2, 3, 12, 15, 10, 10, 35, 100, 50, 19, '2024-12-24 06:48:18', '2024-12-24 06:48:18'),
(80, 33, 2, 3, 6, 10, 5, 10, 40, 100, 55, 19, '2024-12-24 06:48:18', '2024-12-24 06:48:18'),
(81, 33, 2, 3, 9, 10, 15, 15, 40, 100, 75, 19, '2024-12-24 06:48:18', '2024-12-24 06:48:18'),
(82, 33, 2, 3, 8, 10, 10, 10, 65, 100, 78, 19, '2024-12-24 06:48:18', '2024-12-24 06:48:18'),
(83, 33, 2, 3, 2, 10, 10, 10, 55, 100, 55, 19, '2024-12-24 06:48:18', '2024-12-24 06:48:18'),
(84, 33, 2, 3, 3, 10, 10, 10, 50, 100, 55, 19, '2024-12-24 06:48:18', '2024-12-24 06:48:18'),
(85, 33, 2, 3, 1, 10, 10, 10, 40, 100, 55, 19, '2024-12-24 06:48:18', '2024-12-24 06:48:18'),
(86, 32, 2, 3, 12, 15, 10, 10, 35, 100, 50, 19, '2024-12-24 06:48:59', '2024-12-24 06:48:59'),
(87, 32, 2, 3, 6, 10, 5, 10, 40, 100, 55, 19, '2024-12-24 06:48:59', '2024-12-24 06:48:59'),
(88, 32, 2, 3, 9, 10, 15, 15, 35, 100, 75, 19, '2024-12-24 06:48:59', '2024-12-24 06:48:59'),
(89, 32, 2, 3, 8, 10, 10, 10, 65, 100, 78, 19, '2024-12-24 06:48:59', '2024-12-24 06:48:59'),
(90, 32, 2, 3, 2, 10, 10, 10, 55, 100, 55, 19, '2024-12-24 06:48:59', '2024-12-24 06:48:59'),
(91, 32, 2, 3, 3, 10, 10, 15, 35, 100, 55, 19, '2024-12-24 06:48:59', '2024-12-24 06:48:59'),
(92, 32, 2, 3, 1, 10, 10, 10, 40, 100, 55, 19, '2024-12-24 06:48:59', '2024-12-24 06:48:59'),
(93, 26, 2, 4, 10, 15, 10, 10, 50, 100, 40, 19, '2024-12-24 06:49:12', '2024-12-24 06:49:12'),
(94, 28, 2, 12, 10, 20, 5, 15, 30, 100, 55, 19, '2024-12-24 06:49:58', '2024-12-24 06:49:58'),
(95, 28, 2, 12, 11, 15, 5, 10, 25, 100, 40, 19, '2024-12-24 06:49:58', '2024-12-24 06:49:58'),
(96, 27, 4, 1, 11, 15, 10, 10, 50, 100, 55, 19, '2024-12-24 06:50:14', '2024-12-24 06:50:14'),
(97, 27, 1, 1, 13, 15, 10, 10, 65, 100, 50, 19, '2024-12-24 06:50:56', '2024-12-24 06:50:56'),
(98, 27, 1, 1, 3, 10, 5, 10, 35, 100, 55, 19, '2024-12-24 06:50:56', '2024-12-24 06:50:56'),
(99, 27, 1, 1, 4, 10, 15, 15, 40, 100, 55, 19, '2024-12-24 06:50:56', '2024-12-24 06:50:56'),
(100, 27, 1, 1, 2, 5, 10, 10, 30, 100, 50, 19, '2024-12-24 06:50:56', '2024-12-24 06:50:56'),
(101, 27, 1, 1, 6, 10, 10, 10, 55, 100, 55, 19, '2024-12-24 06:50:56', '2024-12-24 06:50:56'),
(102, 27, 1, 1, 9, 10, 5, 10, 50, 80, 40, 19, '2024-12-24 06:50:56', '2024-12-24 06:50:56'),
(103, 27, 1, 1, 11, 10, 10, 10, 40, 100, 40, 19, '2024-12-24 06:50:56', '2024-12-24 06:50:56'),
(104, 27, 1, 1, 1, 5, 5, 5, 35, 100, 50, 19, '2024-12-24 06:50:56', '2024-12-24 06:50:56'),
(105, 23, 4, 2, 3, 15, 10, 10, 55, 100, 40, 19, '2024-12-24 06:51:29', '2024-12-24 06:51:29'),
(106, 23, 4, 2, 13, 10, 5, 10, 35, 100, 40, 19, '2024-12-24 06:51:29', '2024-12-24 06:51:29'),
(107, 23, 4, 2, 1, 10, 15, 10, 40, 100, 55, 19, '2024-12-24 06:51:29', '2024-12-24 06:51:29'),
(108, 34, 4, 3, 12, 5, 10, 10, 35, 100, 50, 19, '2024-12-24 06:52:20', '2024-12-24 06:52:20'),
(109, 34, 4, 3, 6, 10, 5, 10, 40, 100, 55, 19, '2024-12-24 06:52:20', '2024-12-24 06:52:20'),
(110, 34, 4, 3, 9, 10, 15, 15, 40, 100, 75, 19, '2024-12-24 06:52:20', '2024-12-24 06:52:20'),
(111, 34, 4, 3, 8, 10, 10, 10, 65, 100, 40, 19, '2024-12-24 06:52:20', '2024-12-24 06:52:20'),
(112, 34, 4, 3, 2, 10, 10, 10, 55, 100, 55, 19, '2024-12-24 06:52:20', '2024-12-24 06:52:20'),
(113, 34, 4, 3, 3, 10, 10, 10, 50, 100, 55, 19, '2024-12-24 06:52:20', '2024-12-24 06:52:20'),
(114, 34, 4, 3, 1, 10, 10, 10, 40, 100, 55, 19, '2024-12-24 06:52:20', '2024-12-24 06:52:20'),
(115, 26, 4, 4, 10, 15, 5, 10, 50, 100, 55, 19, '2024-12-24 06:52:39', '2024-12-24 06:52:39'),
(116, 26, 4, 4, 11, 10, 5, 10, 35, 100, 75, 19, '2024-12-24 06:52:39', '2024-12-24 06:52:39'),
(117, 31, 4, 5, 2, 15, 10, 10, 30, 75, 40, 19, '2024-12-24 06:53:03', '2024-12-24 06:53:03'),
(118, 24, 4, 5, 2, 15, 10, 10, 30, 75, 40, 19, '2024-12-24 06:53:28', '2024-12-24 06:53:28'),
(119, 28, 4, 12, 10, 15, 10, 10, 50, 100, 50, 19, '2024-12-24 06:54:13', '2024-12-24 06:54:13'),
(120, 30, 4, 3, 12, 15, 10, 10, 65, 100, 50, 19, '2024-12-24 06:55:30', '2024-12-24 06:55:30'),
(121, 30, 4, 3, 6, 10, 5, 10, 25, 100, 55, 19, '2024-12-24 06:55:30', '2024-12-24 06:55:30'),
(122, 30, 4, 3, 9, 10, 15, 15, 40, 100, 75, 19, '2024-12-24 06:55:30', '2024-12-24 06:55:30'),
(123, 30, 4, 3, 8, 5, 10, 10, 50, 100, 40, 19, '2024-12-24 06:55:30', '2024-12-24 06:55:30'),
(124, 30, 4, 3, 2, 10, 10, 10, 55, 100, 55, 19, '2024-12-24 06:55:30', '2024-12-24 06:55:30'),
(125, 30, 4, 3, 3, 10, 10, 10, 50, 100, 55, 19, '2024-12-24 06:55:30', '2024-12-24 06:55:30'),
(126, 30, 4, 3, 1, 10, 10, 10, 40, 100, 55, 19, '2024-12-24 06:55:30', '2024-12-24 06:55:30'),
(127, 32, 4, 3, 12, 15, 10, 10, 65, 100, 50, 19, '2024-12-24 06:56:12', '2024-12-24 06:56:12'),
(128, 32, 4, 3, 6, 10, 5, 10, 60, 100, 55, 19, '2024-12-24 06:56:12', '2024-12-24 06:56:12'),
(129, 32, 4, 3, 9, 10, 15, 15, 40, 100, 75, 19, '2024-12-24 06:56:12', '2024-12-24 06:56:12'),
(130, 32, 4, 3, 8, 5, 10, 10, 50, 100, 40, 19, '2024-12-24 06:56:12', '2024-12-24 06:56:12'),
(131, 32, 4, 3, 2, 10, 10, 10, 55, 100, 55, 19, '2024-12-24 06:56:12', '2024-12-24 06:56:12'),
(132, 32, 4, 3, 3, 10, 10, 10, 50, 100, 55, 19, '2024-12-24 06:56:12', '2024-12-24 06:56:12'),
(133, 32, 4, 3, 1, 10, 10, 10, 40, 100, 55, 19, '2024-12-24 06:56:12', '2024-12-24 06:56:12'),
(134, 30, 3, 3, 3, 15, 10, 10, 50, 100, 55, 1, '2024-12-24 12:30:57', '2024-12-24 12:30:57'),
(135, 30, 3, 3, 2, 10, 5, 10, 35, 100, 55, 1, '2024-12-24 12:30:57', '2024-12-24 12:30:57'),
(136, 30, 3, 3, 12, 10, 15, 15, 40, 100, 50, 1, '2024-12-24 12:30:57', '2024-12-24 12:30:57'),
(137, 30, 3, 3, 6, 5, 10, 10, 30, 100, 55, 1, '2024-12-24 12:30:57', '2024-12-24 12:30:57'),
(138, 30, 3, 3, 9, 10, 10, 10, 55, 100, 75, 1, '2024-12-24 12:30:58', '2024-12-24 12:30:58'),
(139, 30, 3, 3, 8, 10, 10, 10, 50, 100, 55, 1, '2024-12-24 12:30:58', '2024-12-24 12:30:58'),
(140, 30, 3, 3, 1, 10, 10, 10, 40, 100, 55, 1, '2024-12-24 12:30:58', '2024-12-24 12:30:58'),
(141, 23, 1, 2, 13, 15, 10, 10, 55, 100, 75, 2, '2024-12-24 23:49:18', '2024-12-24 23:49:18'),
(142, 23, 1, 2, 3, 10, 5, 10, 35, 100, 50, 2, '2024-12-24 23:49:18', '2024-12-24 23:49:18'),
(143, 23, 1, 2, 1, 10, 15, 15, 50, 100, 55, 2, '2024-12-24 23:49:18', '2024-12-24 23:49:18'),
(144, 45, 3, 3, 3, 15, 10, 10, 35, 100, 55, 19, '2025-01-20 09:38:53', '2025-01-20 09:38:53'),
(145, 45, 3, 3, 2, 10, 5, 10, 25, 100, 55, 19, '2025-01-20 09:38:53', '2025-01-20 09:38:53'),
(146, 45, 3, 3, 12, 10, 15, 15, 40, 100, 50, 19, '2025-01-20 09:38:53', '2025-01-20 09:38:53'),
(147, 45, 3, 3, 6, 5, 10, 10, 65, 100, 55, 19, '2025-01-20 09:38:53', '2025-01-20 09:38:53'),
(148, 45, 3, 3, 9, 10, 10, 10, 55, 100, 75, 19, '2025-01-20 09:38:53', '2025-01-20 09:38:53'),
(149, 45, 3, 3, 8, 10, 10, 10, 50, 100, 55, 19, '2025-01-20 09:38:53', '2025-01-20 09:38:53'),
(150, 45, 3, 3, 1, 10, 10, 10, 40, 100, 55, 19, '2025-01-20 09:38:53', '2025-01-20 09:38:53');

-- --------------------------------------------------------

--
-- Table structure for table `migrations`
--

DROP TABLE IF EXISTS `migrations`;
CREATE TABLE IF NOT EXISTS `migrations` (
  `id` int UNSIGNED NOT NULL AUTO_INCREMENT,
  `migration` varchar(191) CHARACTER SET utf8mb4 COLLATE utf8mb4_unicode_ci NOT NULL,
  `batch` int NOT NULL,
  PRIMARY KEY (`id`)
) ENGINE=MyISAM AUTO_INCREMENT=5 DEFAULT CHARSET=utf8mb4 COLLATE=utf8mb4_unicode_ci;

--
-- Dumping data for table `migrations`
--

INSERT INTO `migrations` (`id`, `migration`, `batch`) VALUES
(1, '2014_10_12_000000_create_users_table', 1),
(2, '2014_10_12_100000_create_password_reset_tokens_table', 1),
(3, '2019_08_19_000000_create_failed_jobs_table', 1),
(4, '2019_12_14_000001_create_personal_access_tokens_table', 1);

-- --------------------------------------------------------

--
-- Table structure for table `notice_board`
--

DROP TABLE IF EXISTS `notice_board`;
CREATE TABLE IF NOT EXISTS `notice_board` (
  `id` int NOT NULL AUTO_INCREMENT,
  `title` varchar(255) CHARACTER SET utf8mb4 COLLATE utf8mb4_general_ci DEFAULT NULL,
  `notice_date` date DEFAULT NULL,
  `publish_date` date DEFAULT NULL,
  `message` text CHARACTER SET utf8mb4 COLLATE utf8mb4_unicode_ci,
  `created_by` int DEFAULT NULL,
  `is_delete` int NOT NULL DEFAULT '0',
  `created_at` timestamp NULL DEFAULT NULL,
  `updated_at` timestamp NULL DEFAULT NULL,
  PRIMARY KEY (`id`)
) ENGINE=MyISAM AUTO_INCREMENT=11 DEFAULT CHARSET=utf8mb4 COLLATE=utf8mb4_general_ci;

--
-- Dumping data for table `notice_board`
--

INSERT INTO `notice_board` (`id`, `title`, `notice_date`, `publish_date`, `message`, `created_by`, `is_delete`, `created_at`, `updated_at`) VALUES
(1, 'Test 1', '2025-01-01', '2025-01-10', '<p>But I must explain to you how all this mistaken idea of denouncing pleasure and praising pain was born and I will give you a complete account of the system, and expound the actual teachings of the great explorer of the truth, the master-builder of human happiness. No one rejects, dislikes, or avoids pleasure itself, because it is pleasure, but because those who do not know how to pursue pleasure rationally encounter consequences that are extremely painful. Nor again is there anyone who loves or pursues or desires to obtain pain of itself, because it is pain, but because occasionally circumstances occur in which toil and pain can procure him some great pleasure. To take a trivial example, which of us ever undertakes laborious physical exercise, except to obtain some advantage from it? But who has any right to find fault with a man who chooses to enjoy a pleasure that has no annoying consequences, or one who avoids a pain that produces no resultant pleasure? On the other hand, we denounce with righteous indignation and dislike men who are so beguiled and demoralized by the charms of pleasure of the moment, so blinded by desire, that they cannot foresee</p>', 19, 0, '2024-12-26 05:17:19', '2024-12-27 08:53:23'),
(7, 'Test 7', '2024-12-01', '2025-06-01', '<p>But I must explain to you how all this mistaken idea of denouncing pleasure and praising pain was born and I will give you a complete account of the system, and expound the actual teachings of the great explorer of the truth, the master-builder of human happiness. No one rejects, dislikes, or avoids pleasure itself, because it is pleasure, but because those who do not know how to pursue pleasure rationally encounter consequences that are extremely painful. Nor again is there anyone who loves or pursues or desires to obtain pain of itself, because it is pain, but because occasionally circumstances occur in which toil and pain can procure him some great pleasure. To take a trivial example, which of us ever undertakes laborious physical exercise, except to obtain some advantage from it? But who has any right to find fault with a man who chooses to enjoy a pleasure that has no annoying consequences, or one who avoids a pain that produces no resultant pleasure? On the other hand, we denounce with righteous indignation and dislike men who are so beguiled and demoralized by the charms of pleasure of the moment, so blinded by desire, that they cannot foresee</p>', 19, 0, '2024-12-27 08:44:19', '2024-12-27 08:53:12'),
(8, 'Test 8', '2024-09-01', '2025-07-01', '<p>But I must explain to you how all this mistaken idea of denouncing pleasure and praising pain was born and I will give you a complete account of the system, and expound the actual teachings of the great explorer of the truth, the master-builder of human happiness. No one rejects, dislikes, or avoids pleasure itself, because it is pleasure, but because those who do not know how to pursue pleasure rationally encounter consequences that are extremely painful. Nor again is there anyone who loves or pursues or desires to obtain pain of itself, because it is pain, but because occasionally circumstances occur in which toil and pain can procure him some great pleasure. To take a trivial example, which of us ever undertakes laborious physical exercise, except to obtain some advantage from it? But who has any right to find fault with a man who chooses to enjoy a pleasure that has no annoying consequences, or one who avoids a pain that produces no resultant pleasure? On the other hand, we denounce with righteous indignation and dislike men who are so beguiled and demoralized by the charms of pleasure of the moment, so blinded by desire, that they cannot foresee</p>', 19, 0, '2024-12-27 08:55:30', '2024-12-27 08:55:30'),
(2, 'Test 2', NULL, '2024-12-25', '<p>But I must explain to you how all this mistaken idea of denouncing pleasure and praising pain was born and I will give you a complete account of the system, and expound the actual teachings of the great explorer of the truth, the master-builder of human happiness. No one rejects, dislikes, or avoids pleasure itself, because it is pleasure, but because those who do not know how to pursue pleasure rationally encounter consequences that are extremely painful. Nor again is there anyone who loves or pursues or desires to obtain pain of itself, because it is pain</p>', 19, 0, '2024-12-26 05:19:08', '2024-12-27 07:35:18'),
(3, 'Test 3', '2024-12-01', '2025-01-01', '<p>But I must explain to you how all this mistaken idea of denouncing pleasure and praising pain was born and I will give you a complete account of the system, and expound the actual teachings of the great explorer of the truth, the master-builder of human happiness. No one rejects, dislikes,</p>', 19, 0, '2024-12-26 06:01:45', '2024-12-26 06:01:45'),
(4, 'Test 4', '2025-01-01', '2025-02-05', '<p>But I must explain to you how all this mistaken idea of denouncing pleasure and praising pain was born and I will give you a complete account of the system, and expound the actual teachings of the great explorer of the truth,</p>', 19, 0, '2024-12-26 06:03:10', '2024-12-28 00:37:47'),
(5, 'Test 5', '2025-01-01', '2024-12-31', '<p>But I must explain to you how all this mistaken idea of denouncing pleasure and praising pain was born and I will give you a complete account of the system, and expound the actual teachings of the great explorer of the truth, the master-builder of human happiness. No one rejects, dislikes, or avoids pleasure itself, because it is pleasure, but because those who do not know how to pursue pleasure rationally encounter consequences that are extremely painful. Nor again is there anyone who loves or pursues or desires to obtain pain of itself, because it is pain, but because occasionally circumstances occur in which toil and pain can procure him some great pleasure. To take a trivial example, which of us ever undertakes laborious physical exercise, except to obtain some advantage from it? But who has any right to find fault with a man who chooses to enjoy a pleasure that has no annoying consequences, or one who avoids a pain that produces no resultant pleasure? On the other hand, we denounce with righteous indignation and dislike men who are so beguiled and demoralized by the charms of pleasure of the moment, so blinded by desire, that they cannot foresee</p>', 19, 0, '2024-12-26 06:17:00', '2024-12-26 10:08:15'),
(6, 'Test 6', '2025-02-01', '2025-02-28', '<p>But I must explain to you how all this mistaken idea of denouncing pleasure and praising pain was born and I will give you a complete account of the system, and expound the actual teachings of the great explorer of the truth, the master-builder of human happiness. No one rejects, dislikes, or avoids pleasure itself, because it is pleasure, but because those who do not know how to pursue pleasure rationally encounter consequences that are extremely painful. Nor again is there anyone who loves or pursues or desires to obtain pain of itself, because it is pain, but because occasionally circumstances occur in which toil and pain can procure him some great pleasure. To take a trivial example, which of us ever undertakes laborious physical exercise, except to obtain some advantage from it? But who has any right to find fault with a man who chooses to enjoy a pleasure that has no annoying consequences, or one who avoids a pain that produces no resultant pleasure? On the other hand, we denounce with righteous indignation and dislike men who are so beguiled and demoralized by the charms of pleasure of the moment, so blinded by desire, that they cannot foresee</p>', 19, 0, '2024-12-26 06:18:27', '2024-12-26 06:18:27'),
(9, 'Test 9', '2024-04-01', '2025-08-01', '<p>But I must explain to you how all this mistaken idea of denouncing pleasure and praising pain was born and I will give you a complete account of the system, and expound the actual teachings of the great explorer of the truth, the master-builder of human happiness. No one rejects, dislikes, or avoids pleasure itself, because it is pleasure, but because those who do not know how to pursue pleasure rationally encounter consequences that are extremely painful. Nor again is there anyone who loves or pursues or desires to obtain pain of itself, because it is pain, but because occasionally circumstances occur in which toil and pain can procure him some great pleasure. To take a trivial example, which of us ever undertakes laborious physical exercise, except to obtain some advantage from it? But who has any right to find fault with a man who chooses to enjoy a pleasure that has no annoying consequences, or one who avoids a pain that produces no resultant pleasure? On the other hand, we denounce with righteous indignation and dislike men who are so beguiled and demoralized by the charms of pleasure of the moment, so blinded by desire, that they cannot foresee</p>', 19, 0, '2024-12-27 08:56:26', '2024-12-27 08:56:26'),
(10, 'Test 10', '2024-12-01', '2025-05-01', '<p>But I must explain to you how all this mistaken idea of denouncing pleasure and praising pain was born and I will give you a complete account of the system, and expound the actual teachings of the great explorer of the truth, the master-builder of human happiness. No one rejects, dislikes, or avoids pleasure itself, because it is pleasure, but because those who do not know how to pursue pleasure rationally encounter consequences that are extremely painful. Nor again is there anyone who loves or pursues or desires to obtain pain of itself, because it is pain, but because occasionally circumstances occur in which toil and pain can procure him some great pleasure. To take a trivial example, which of us ever undertakes laborious physical exercise, except to obtain some advantage from it? But who has any right to find fault with a man who chooses to enjoy a pleasure that has no annoying consequences, or one who avoids a pain that produces no resultant pleasure? On the other hand, we denounce with righteous indignation and dislike men who are so beguiled and demoralized by the charms of pleasure of the moment, so blinded by desire, that they cannot foresee</p>', 19, 0, '2024-12-27 08:59:42', '2024-12-27 08:59:42');

-- --------------------------------------------------------

--
-- Table structure for table `notice_board_message`
--

DROP TABLE IF EXISTS `notice_board_message`;
CREATE TABLE IF NOT EXISTS `notice_board_message` (
  `id` int NOT NULL AUTO_INCREMENT,
  `notice_board_id` int DEFAULT NULL,
  `message_to` int DEFAULT NULL COMMENT 'User Type',
  `created_at` timestamp NULL DEFAULT NULL,
  `updated_at` timestamp NULL DEFAULT NULL,
  PRIMARY KEY (`id`)
) ENGINE=MyISAM AUTO_INCREMENT=40 DEFAULT CHARSET=utf8mb4 COLLATE=utf8mb4_general_ci;

--
-- Dumping data for table `notice_board_message`
--

INSERT INTO `notice_board_message` (`id`, `notice_board_id`, `message_to`, `created_at`, `updated_at`) VALUES
(1, 3, 2, '2024-12-26 06:01:45', '2024-12-26 06:01:45'),
(2, 3, 3, '2024-12-26 06:01:45', '2024-12-26 06:01:45'),
(37, 4, 3, '2024-12-28 00:37:47', '2024-12-28 00:37:47'),
(36, 5, 4, '2024-12-28 00:31:36', '2024-12-28 00:31:36'),
(35, 5, 2, '2024-12-28 00:31:36', '2024-12-28 00:31:36'),
(7, 6, 2, '2024-12-26 06:18:27', '2024-12-26 06:18:27'),
(8, 6, 3, '2024-12-26 06:18:27', '2024-12-26 06:18:27'),
(9, 6, 4, '2024-12-26 06:18:27', '2024-12-26 06:18:27'),
(20, 1, 3, '2024-12-27 08:53:23', '2024-12-27 08:53:23'),
(12, 2, 2, '2024-12-27 07:35:18', '2024-12-27 07:35:18'),
(13, 2, 3, '2024-12-27 07:35:18', '2024-12-27 07:35:18'),
(14, 2, 4, '2024-12-27 07:35:18', '2024-12-27 07:35:18'),
(34, 7, 4, '2024-12-28 00:31:29', '2024-12-28 00:31:29'),
(33, 7, 2, '2024-12-28 00:31:29', '2024-12-28 00:31:29'),
(21, 1, 4, '2024-12-27 08:53:23', '2024-12-27 08:53:23'),
(32, 8, 4, '2024-12-28 00:31:22', '2024-12-28 00:31:22'),
(31, 8, 2, '2024-12-28 00:31:22', '2024-12-28 00:31:22'),
(39, 9, 2, '2024-12-28 01:51:44', '2024-12-28 01:51:44'),
(38, 10, 3, '2024-12-28 01:41:24', '2024-12-28 01:41:24');

-- --------------------------------------------------------

--
-- Table structure for table `password_reset_tokens`
--

DROP TABLE IF EXISTS `password_reset_tokens`;
CREATE TABLE IF NOT EXISTS `password_reset_tokens` (
  `email` varchar(191) CHARACTER SET utf8mb4 COLLATE utf8mb4_unicode_ci NOT NULL,
  `token` varchar(191) CHARACTER SET utf8mb4 COLLATE utf8mb4_unicode_ci NOT NULL,
  `created_at` timestamp NULL DEFAULT NULL,
  PRIMARY KEY (`email`)
) ENGINE=MyISAM DEFAULT CHARSET=utf8mb4 COLLATE=utf8mb4_unicode_ci;

-- --------------------------------------------------------

--
-- Table structure for table `personal_access_tokens`
--

DROP TABLE IF EXISTS `personal_access_tokens`;
CREATE TABLE IF NOT EXISTS `personal_access_tokens` (
  `id` bigint UNSIGNED NOT NULL AUTO_INCREMENT,
  `tokenable_type` varchar(191) CHARACTER SET utf8mb4 COLLATE utf8mb4_unicode_ci NOT NULL,
  `tokenable_id` bigint UNSIGNED NOT NULL,
  `name` varchar(191) CHARACTER SET utf8mb4 COLLATE utf8mb4_unicode_ci NOT NULL,
  `token` varchar(64) CHARACTER SET utf8mb4 COLLATE utf8mb4_unicode_ci NOT NULL,
  `abilities` text CHARACTER SET utf8mb4 COLLATE utf8mb4_unicode_ci,
  `last_used_at` timestamp NULL DEFAULT NULL,
  `expires_at` timestamp NULL DEFAULT NULL,
  `created_at` timestamp NULL DEFAULT NULL,
  `updated_at` timestamp NULL DEFAULT NULL,
  PRIMARY KEY (`id`),
  UNIQUE KEY `personal_access_tokens_token_unique` (`token`),
  KEY `personal_access_tokens_tokenable_type_tokenable_id_index` (`tokenable_type`,`tokenable_id`)
) ENGINE=MyISAM DEFAULT CHARSET=utf8mb4 COLLATE=utf8mb4_unicode_ci;

-- --------------------------------------------------------

--
-- Table structure for table `setting`
--

DROP TABLE IF EXISTS `setting`;
CREATE TABLE IF NOT EXISTS `setting` (
  `id` int NOT NULL AUTO_INCREMENT,
  `school_name` varchar(255) COLLATE utf8mb4_general_ci DEFAULT NULL,
  `exam_description` text COLLATE utf8mb4_general_ci,
  `paypal_email` varchar(255) CHARACTER SET utf8mb4 COLLATE utf8mb4_general_ci DEFAULT NULL,
  `stripe_key` varchar(500) CHARACTER SET utf8mb4 COLLATE utf8mb4_general_ci DEFAULT NULL,
  `stripe_secret` varchar(500) COLLATE utf8mb4_general_ci DEFAULT NULL,
  `logo` varchar(255) COLLATE utf8mb4_general_ci DEFAULT NULL,
  `fevicon` varchar(255) COLLATE utf8mb4_general_ci DEFAULT NULL,
  `created_at` timestamp NULL DEFAULT NULL,
  `updated_at` timestamp NULL DEFAULT NULL,
  PRIMARY KEY (`id`)
) ENGINE=MyISAM AUTO_INCREMENT=2 DEFAULT CHARSET=utf8mb4 COLLATE=utf8mb4_general_ci;

--
-- Dumping data for table `setting`
--

INSERT INTO `setting` (`id`, `school_name`, `exam_description`, `paypal_email`, `stripe_key`, `stripe_secret`, `logo`, `fevicon`, `created_at`, `updated_at`) VALUES
(1, 'INTERNATIONAL SCHOOL', 'Lorem Ipsum is simply dummy text of the printing and typesetting industry. Lorem Ipsum has been the industry\'s standard dummy text ever since the 1500s, when an unknown printer took a galley of type and scrambled it to make a type specimen book. It has survived not only five centuries, but also the leap into electronic typesetting, remaining essentially unchanged. It was popularised in the 1960s with the release of Letraset sheets containing Lorem Ipsum passages, and more recently with desktop publishing software like Aldus PageMaker including versions of Lorem Ipsum.\r\nContrary to popular belief, Lorem Ipsum is not simply random text. It has roots in a piece of classical Latin literature from 45 BC, making it over 2000 years old. Richard McClintock, a Latin professor at Hampden-Sydney College in Virginia, looked up one of the more obscure Latin words, consectetur, from a Lorem Ipsum passage, and going through the cites of the word in classical literature, discovered the undoubtable source. Lorem Ipsum comes from sections 1.10.32 and 1.10.33 of \"de Finibus Bonorum et Malorum\" (The Extremes of Good and Evil) by Cicero, written in 45 BC. This book is a treatise on the theory of ethics, very popular during the Renaissance. The first line of Lorem Ipsum, \"Lorem ipsum dolor sit amet..\", comes from a line in section 1.10.32.', 'asadullah.gawhari@gmail.com', 'pk_test_51LKvw0SBjwpJaiZho27yClKuduFTYLjIRaRpRJsgsBhS556g1CLfZCWdSHhZSbFejY1ngyRcb6LdxCvdoIArtUrC00zahlE5qa', 'sk_test_51LKvw0SBjwpJaiZhBRTbOXQGOdb4PAkdssTrtajtjSF8gXXYCjRCLyfZtWq3AikeHinxUIr4JQhOaeneCcAQq59U00yesSO2ZI', '202501160546438yymyns70zahkkomxlaee1cbidvpqy.png', '202501160546431x0vlmvklu5yxopwzpz64p1vrdp7qb.png', '2025-01-09 10:29:35', '2025-01-20 06:43:48');

-- --------------------------------------------------------

--
-- Table structure for table `student_add_fees`
--

DROP TABLE IF EXISTS `student_add_fees`;
CREATE TABLE IF NOT EXISTS `student_add_fees` (
  `id` int NOT NULL AUTO_INCREMENT,
  `student_id` int DEFAULT NULL,
  `class_id` int DEFAULT NULL,
  `total_amount` int DEFAULT '0',
  `paid_amount` int DEFAULT '0',
  `remaning_amount` int DEFAULT '0',
  `payment_type` varchar(255) CHARACTER SET utf8mb4 COLLATE utf8mb4_general_ci DEFAULT NULL,
  `remark` text CHARACTER SET utf8mb4 COLLATE utf8mb4_general_ci,
  `is_payment` tinyint NOT NULL DEFAULT '0',
  `stripe_session_id` varchar(255) COLLATE utf8mb4_general_ci DEFAULT NULL,
  `created_by` int DEFAULT NULL,
  `created_at` timestamp NULL DEFAULT NULL,
  `updated_at` timestamp NULL DEFAULT NULL,
  PRIMARY KEY (`id`)
) ENGINE=MyISAM AUTO_INCREMENT=131 DEFAULT CHARSET=utf8mb4 COLLATE=utf8mb4_general_ci;

--
-- Dumping data for table `student_add_fees`
--

INSERT INTO `student_add_fees` (`id`, `student_id`, `class_id`, `total_amount`, `paid_amount`, `remaning_amount`, `payment_type`, `remark`, `is_payment`, `stripe_session_id`, `created_by`, `created_at`, `updated_at`) VALUES
(1, 45, 3, 200, 50, 150, 'cash', 'Test', 1, NULL, 19, '2025-01-08 13:41:46', '2025-01-08 13:41:46'),
(2, 45, 3, 150, 10, 140, 'cheque', NULL, 1, NULL, 19, '2025-01-08 13:42:08', '2025-01-08 13:42:08'),
(3, 45, 3, 140, 40, 100, 'cash', 'Test for amount', 1, NULL, 19, '2025-01-08 13:42:53', '2025-01-08 13:42:53'),
(4, 45, 3, 100, 100, 0, 'cash', 'Test', 1, NULL, 19, '2025-01-08 13:47:25', '2025-01-08 13:47:25'),
(5, 30, 3, 200, 150, 50, 'cash', NULL, 1, NULL, 19, '2025-01-08 13:57:10', '2025-01-08 13:57:10'),
(6, 33, 3, 200, 10, 190, 'cash', 'For test', 1, NULL, 19, '2025-01-08 13:59:45', '2025-01-08 13:59:45'),
(7, 34, 3, 200, 50, 150, 'cash', 'Test', 1, NULL, 19, '2025-01-09 00:20:25', '2025-01-09 00:20:25'),
(8, 34, 3, 150, 50, 100, 'cash', 'Test', 1, NULL, 19, '2025-01-09 00:20:40', '2025-01-09 00:20:40'),
(9, 34, 3, 100, 40, 60, 'cheque', '123', 1, NULL, 19, '2025-01-09 00:21:09', '2025-01-09 00:21:09'),
(130, 34, 3, 55, 20, 35, 'Stripe', NULL, 0, NULL, 34, '2025-01-16 00:07:17', '2025-01-16 00:07:17'),
(129, 34, 3, 55, 20, 35, 'Stripe', NULL, 0, NULL, 34, '2025-01-16 00:06:53', '2025-01-16 00:06:53'),
(128, 34, 3, 55, 20, 35, 'Stripe', NULL, 0, NULL, 34, '2025-01-16 00:06:41', '2025-01-16 00:06:41'),
(127, 34, 3, 55, 20, 35, 'Stripe', NULL, 0, NULL, 34, '2025-01-16 00:05:58', '2025-01-16 00:05:58'),
(126, 34, 3, 55, 20, 35, 'Stripe', NULL, 0, NULL, 34, '2025-01-16 00:01:31', '2025-01-16 00:01:31'),
(125, 34, 3, 55, 10, 45, 'Stripe', NULL, 0, NULL, 34, '2025-01-15 23:57:32', '2025-01-15 23:57:32'),
(124, 23, 2, 200, 100, 100, 'cash', NULL, 1, NULL, 19, '2025-01-15 06:39:52', '2025-01-15 06:39:52'),
(123, 34, 3, 60, 5, 55, 'cash', 'Test for total fees in report', 1, NULL, 19, '2025-01-15 04:19:09', '2025-01-15 04:19:09');

-- --------------------------------------------------------

--
-- Table structure for table `student_attendance`
--

DROP TABLE IF EXISTS `student_attendance`;
CREATE TABLE IF NOT EXISTS `student_attendance` (
  `id` int NOT NULL AUTO_INCREMENT,
  `class_id` int DEFAULT NULL,
  `student_id` int DEFAULT NULL,
  `attendance_date` date DEFAULT NULL,
  `attendance_type` int DEFAULT NULL COMMENT '1:Present, 2:Late, 3:Absent, 4:Half Day',
  `created_by` int DEFAULT NULL,
  `created_at` timestamp NULL DEFAULT NULL,
  `updated_at` timestamp NULL DEFAULT NULL,
  PRIMARY KEY (`id`)
) ENGINE=MyISAM AUTO_INCREMENT=69 DEFAULT CHARSET=utf8mb4 COLLATE=utf8mb4_general_ci;

--
-- Dumping data for table `student_attendance`
--

INSERT INTO `student_attendance` (`id`, `class_id`, `student_id`, `attendance_date`, `attendance_type`, `created_by`, `created_at`, `updated_at`) VALUES
(1, 1, 27, '2024-12-25', 2, 19, '2024-12-25 04:15:49', '2024-12-25 04:16:08'),
(2, 3, 34, '2024-12-25', 1, 19, '2024-12-25 04:36:43', '2024-12-25 04:36:43'),
(3, 3, 33, '2024-12-25', 1, 19, '2024-12-25 04:36:47', '2024-12-25 06:03:25'),
(4, 3, 30, '2024-12-25', 1, 19, '2024-12-25 04:36:50', '2024-12-25 06:03:28'),
(5, 3, 32, '2024-12-25', 1, 19, '2024-12-25 04:36:53', '2024-12-25 04:36:53'),
(6, 2, 23, '2024-12-25', 1, 19, '2024-12-25 04:37:04', '2024-12-25 11:00:37'),
(7, 4, 26, '2024-12-25', 3, 19, '2024-12-25 04:43:14', '2024-12-25 04:43:14'),
(8, 12, 28, '2024-12-25', 1, 19, '2024-12-25 06:50:52', '2024-12-25 06:50:52'),
(9, 3, 34, '2024-12-24', 1, 19, '2024-12-25 08:59:23', '2024-12-25 08:59:23'),
(10, 3, 33, '2024-12-24', 2, 19, '2024-12-25 08:59:28', '2024-12-25 08:59:28'),
(11, 3, 32, '2024-12-24', 3, 19, '2024-12-25 08:59:31', '2024-12-25 08:59:31'),
(12, 3, 30, '2024-12-24', 4, 19, '2024-12-25 08:59:34', '2024-12-25 08:59:34'),
(13, 1, 27, '2025-01-01', 1, 19, '2024-12-25 09:28:15', '2024-12-25 09:28:15'),
(14, 2, 23, '2025-01-01', 2, 19, '2024-12-25 09:28:23', '2024-12-25 09:28:23'),
(15, 3, 34, '2025-01-01', 1, 19, '2024-12-25 09:28:30', '2024-12-25 09:28:30'),
(16, 3, 33, '2025-01-01', 1, 19, '2024-12-25 09:28:33', '2024-12-25 09:28:33'),
(17, 3, 32, '2025-01-01', 4, 19, '2024-12-25 09:28:36', '2024-12-25 09:28:36'),
(18, 3, 30, '2025-01-01', 1, 19, '2024-12-25 09:28:39', '2024-12-25 09:28:39'),
(19, 4, 26, '2025-01-01', 1, 19, '2024-12-25 09:28:46', '2024-12-25 09:28:46'),
(20, 5, 31, '2025-01-01', 1, 19, '2024-12-25 09:28:54', '2024-12-25 09:28:54'),
(21, 5, 24, '2025-01-01', 3, 19, '2024-12-25 09:28:57', '2024-12-25 09:28:57'),
(22, 7, 29, '2025-01-01', 2, 19, '2024-12-25 09:29:12', '2024-12-25 09:29:12'),
(23, 8, 25, '2025-01-01', 1, 19, '2024-12-25 09:29:23', '2024-12-25 09:29:23'),
(24, 8, 21, '2025-01-01', 2, 19, '2024-12-25 09:29:26', '2024-12-25 09:29:26'),
(25, 9, 20, '2025-01-01', 1, 19, '2024-12-25 09:29:34', '2024-12-25 09:29:34'),
(26, 12, 28, '2025-01-01', 4, 19, '2024-12-25 09:29:46', '2024-12-25 09:29:46'),
(27, 2, 23, '2025-01-05', 1, 19, '2024-12-25 09:30:27', '2024-12-25 09:30:27'),
(28, 1, 27, '2025-01-05', 2, 19, '2024-12-25 09:30:35', '2024-12-25 09:30:35'),
(29, 3, 34, '2025-01-05', 1, 19, '2024-12-25 09:30:42', '2024-12-25 09:30:42'),
(30, 3, 33, '2025-01-05', 2, 19, '2024-12-25 09:30:45', '2024-12-25 09:30:45'),
(31, 3, 32, '2025-01-05', 1, 19, '2024-12-25 09:30:47', '2024-12-25 09:30:47'),
(32, 3, 30, '2025-01-05', 4, 19, '2024-12-25 09:30:52', '2024-12-25 09:30:52'),
(33, 4, 26, '2025-01-05', 2, 19, '2024-12-25 09:30:59', '2024-12-25 09:30:59'),
(34, 5, 24, '2025-01-05', 3, 19, '2024-12-25 09:31:08', '2024-12-25 09:31:08'),
(35, 5, 31, '2025-01-05', 1, 19, '2024-12-25 09:31:11', '2024-12-25 09:31:11'),
(36, 7, 29, '2025-01-05', 1, 19, '2024-12-25 09:31:23', '2024-12-25 09:31:23'),
(37, 8, 25, '2025-01-05', 1, 19, '2024-12-25 09:31:30', '2024-12-25 09:31:30'),
(38, 8, 21, '2025-01-05', 3, 19, '2024-12-25 09:31:32', '2024-12-25 09:31:32'),
(39, 9, 20, '2025-01-05', 2, 19, '2024-12-25 09:31:40', '2024-12-25 09:31:40'),
(40, 10, 22, '2025-01-05', 1, 19, '2024-12-25 09:31:47', '2024-12-25 09:31:47'),
(41, 12, 28, '2025-01-05', 2, 19, '2024-12-25 09:31:57', '2024-12-25 09:31:57'),
(42, 3, 34, '2024-12-26', 2, 19, '2024-12-26 00:36:58', '2024-12-26 00:36:58'),
(43, 3, 33, '2024-12-26', 3, 19, '2024-12-26 00:37:00', '2024-12-26 00:37:00'),
(44, 3, 32, '2024-12-26', 4, 19, '2024-12-26 00:37:03', '2024-12-26 00:37:03'),
(45, 3, 30, '2024-12-26', 3, 19, '2024-12-26 00:37:05', '2024-12-26 00:37:05'),
(46, 3, 34, '2024-12-27', 3, 19, '2024-12-26 00:37:43', '2024-12-26 00:37:43'),
(47, 3, 33, '2024-12-27', 3, 19, '2024-12-27 08:42:38', '2024-12-27 08:42:38'),
(48, 3, 32, '2024-12-27', 2, 19, '2024-12-27 08:42:41', '2024-12-27 08:42:41'),
(49, 3, 30, '2024-12-27', 1, 19, '2024-12-27 08:42:44', '2024-12-27 08:42:44'),
(50, 3, 34, '2025-01-02', 1, 19, '2024-12-27 08:42:58', '2024-12-27 08:42:58'),
(51, 3, 33, '2025-01-02', 1, 19, '2024-12-27 08:43:00', '2024-12-27 08:43:00'),
(52, 3, 32, '2025-01-02', 1, 19, '2024-12-27 08:43:02', '2024-12-27 08:43:02'),
(53, 3, 30, '2025-01-02', 2, 19, '2024-12-27 08:43:06', '2024-12-27 08:43:06'),
(54, 1, 27, '2025-01-21', 1, 19, '2025-01-21 00:45:44', '2025-01-21 00:45:44'),
(55, 2, 23, '2025-01-21', 1, 19, '2025-01-21 00:45:52', '2025-01-21 00:45:52'),
(56, 3, 45, '2025-01-21', 1, 19, '2025-01-21 00:46:01', '2025-01-21 00:46:01'),
(57, 3, 34, '2025-01-21', 3, 19, '2025-01-21 00:46:04', '2025-01-21 00:46:04'),
(58, 3, 33, '2025-01-21', 4, 19, '2025-01-21 00:46:07', '2025-01-21 00:46:07'),
(59, 3, 32, '2025-01-21', 3, 19, '2025-01-21 00:46:14', '2025-01-21 00:46:14'),
(60, 3, 30, '2025-01-21', 2, 19, '2025-01-21 00:46:17', '2025-01-21 00:46:17'),
(61, 4, 26, '2025-01-21', 2, 19, '2025-01-21 00:46:24', '2025-01-21 00:46:24'),
(62, 5, 31, '2025-01-21', 1, 19, '2025-01-21 00:46:33', '2025-01-21 00:46:33'),
(63, 5, 24, '2025-01-21', 1, 19, '2025-01-21 00:46:37', '2025-01-21 00:46:37'),
(64, 7, 29, '2025-01-21', 1, 19, '2025-01-21 00:46:50', '2025-01-21 00:46:50'),
(65, 8, 25, '2025-01-21', 1, 19, '2025-01-21 00:46:57', '2025-01-21 00:46:57'),
(66, 8, 21, '2025-01-21', 2, 19, '2025-01-21 00:46:59', '2025-01-21 00:46:59'),
(67, 10, 22, '2025-01-21', 1, 19, '2025-01-21 00:47:06', '2025-01-21 00:47:06'),
(68, 12, 28, '2025-01-21', 1, 19, '2025-01-21 00:47:13', '2025-01-21 00:47:13');

-- --------------------------------------------------------

--
-- Table structure for table `subject`
--

DROP TABLE IF EXISTS `subject`;
CREATE TABLE IF NOT EXISTS `subject` (
  `id` int NOT NULL AUTO_INCREMENT,
  `name` varchar(255) CHARACTER SET utf8mb4 COLLATE utf8mb4_general_ci NOT NULL,
  `type` varchar(255) CHARACTER SET utf8mb4 COLLATE utf8mb4_general_ci NOT NULL,
  `status` tinyint NOT NULL DEFAULT '0',
  `is_delete` tinyint NOT NULL DEFAULT '0',
  `created_by` int DEFAULT NULL,
  `created_at` datetime DEFAULT NULL,
  `updated_at` timestamp NULL DEFAULT NULL,
  PRIMARY KEY (`id`)
) ENGINE=MyISAM AUTO_INCREMENT=14 DEFAULT CHARSET=utf8mb4 COLLATE=utf8mb4_general_ci;

--
-- Dumping data for table `subject`
--

INSERT INTO `subject` (`id`, `name`, `type`, `status`, `is_delete`, `created_by`, `created_at`, `updated_at`) VALUES
(1, 'Dari', 'Practical', 0, 0, 1, '2024-11-27 13:47:11', '2024-11-28 05:37:14'),
(2, 'Pashto', 'Theory', 0, 0, 1, '2024-11-27 13:47:44', '2024-11-27 09:17:44'),
(3, 'English', 'Theory', 0, 0, 1, '2024-11-25 13:47:59', '2024-11-27 10:24:41'),
(4, 'Math', 'Practical', 0, 0, 1, '2024-11-27 15:08:22', '2024-12-04 10:21:03'),
(5, 'Gallery', 'Practical', 0, 0, 1, '2024-11-27 15:18:43', '2024-12-04 10:20:53'),
(6, 'Quran', 'Theory', 0, 0, 1, '2024-11-27 15:18:58', '2024-11-27 10:48:58'),
(7, 'Islamic', 'Practical', 0, 0, 1, '2024-11-27 15:19:13', '2024-12-04 10:20:46'),
(8, 'Science', 'Theory', 0, 0, 1, '2024-11-27 15:19:45', '2024-11-27 10:49:45'),
(9, 'Reading', 'Theory', 0, 0, 1, '2024-11-27 15:21:11', '2024-11-27 10:51:11'),
(10, 'Uredo', 'Practical', 0, 0, 1, '2024-11-27 15:21:40', '2024-11-27 10:51:40'),
(11, 'Sport', 'Practical', 0, 0, 1, '2024-11-27 15:22:04', '2024-11-28 05:02:31'),
(12, 'Physic', 'Theory', 0, 0, 1, '2024-11-27 15:23:08', '2024-11-27 10:53:08'),
(13, 'Education & Tribunal', 'Theory', 0, 0, 19, '2024-12-04 14:52:33', '2024-12-04 10:22:33');

-- --------------------------------------------------------

--
-- Table structure for table `users`
--

DROP TABLE IF EXISTS `users`;
CREATE TABLE IF NOT EXISTS `users` (
  `id` bigint UNSIGNED NOT NULL AUTO_INCREMENT,
  `parent_id` int DEFAULT NULL,
  `name` varchar(191) CHARACTER SET utf8mb4 COLLATE utf8mb4_unicode_ci NOT NULL,
  `last_name` varchar(255) CHARACTER SET utf8mb4 COLLATE utf8mb4_unicode_ci DEFAULT NULL,
  `email` varchar(191) CHARACTER SET utf8mb4 COLLATE utf8mb4_unicode_ci NOT NULL,
  `email_verified_at` timestamp NULL DEFAULT NULL,
  `password` varchar(191) CHARACTER SET utf8mb4 COLLATE utf8mb4_unicode_ci NOT NULL,
  `remember_token` varchar(100) CHARACTER SET utf8mb4 COLLATE utf8mb4_unicode_ci DEFAULT NULL,
  `admission_number` varchar(255) CHARACTER SET utf8mb4 COLLATE utf8mb4_unicode_ci DEFAULT NULL,
  `roll_number` varchar(255) CHARACTER SET utf8mb4 COLLATE utf8mb4_unicode_ci DEFAULT NULL,
  `class_id` int DEFAULT NULL,
  `gender` varchar(255) CHARACTER SET utf8mb4 COLLATE utf8mb4_unicode_ci DEFAULT NULL,
  `date_of_birth` date DEFAULT NULL,
  `caste` varchar(255) CHARACTER SET utf8mb4 COLLATE utf8mb4_unicode_ci DEFAULT NULL,
  `religion` varchar(255) CHARACTER SET utf8mb4 COLLATE utf8mb4_unicode_ci DEFAULT NULL,
  `mobile_number` varchar(15) CHARACTER SET utf8mb4 COLLATE utf8mb4_unicode_ci DEFAULT NULL,
  `occupation` varchar(255) CHARACTER SET utf8mb4 COLLATE utf8mb4_unicode_ci DEFAULT NULL,
  `admission_date` date DEFAULT NULL,
  `profile_pic` varchar(255) CHARACTER SET utf8mb4 COLLATE utf8mb4_unicode_ci DEFAULT NULL,
  `blood_group` varchar(50) CHARACTER SET utf8mb4 COLLATE utf8mb4_unicode_ci DEFAULT NULL,
  `height` varchar(50) CHARACTER SET utf8mb4 COLLATE utf8mb4_unicode_ci DEFAULT NULL,
  `weight` varchar(50) CHARACTER SET utf8mb4 COLLATE utf8mb4_unicode_ci DEFAULT NULL,
  `user_type` tinyint NOT NULL DEFAULT '3' COMMENT '1: admin 2: teacher 3: student 4: parent',
  `is_delete` tinyint NOT NULL DEFAULT '0' COMMENT '0: note deleted 1: deleted',
  `status` tinyint NOT NULL DEFAULT '0' COMMENT '0:active 1:inactive',
  `address` varchar(1000) CHARACTER SET utf8mb4 COLLATE utf8mb4_unicode_ci DEFAULT NULL,
  `marital_status` varchar(255) CHARACTER SET utf8mb4 COLLATE utf8mb4_unicode_ci DEFAULT NULL,
  `permanent_address` varchar(255) CHARACTER SET utf8mb4 COLLATE utf8mb4_unicode_ci DEFAULT NULL,
  `qualification` varchar(255) CHARACTER SET utf8mb4 COLLATE utf8mb4_unicode_ci DEFAULT NULL,
  `work_experience` varchar(255) CHARACTER SET utf8mb4 COLLATE utf8mb4_unicode_ci DEFAULT NULL,
  `note` varchar(255) CHARACTER SET utf8mb4 COLLATE utf8mb4_unicode_ci DEFAULT NULL,
  `created_at` timestamp NULL DEFAULT NULL,
  `updated_at` timestamp NULL DEFAULT NULL,
  PRIMARY KEY (`id`),
  UNIQUE KEY `users_email_unique` (`email`)
) ENGINE=MyISAM AUTO_INCREMENT=47 DEFAULT CHARSET=utf8mb4 COLLATE=utf8mb4_unicode_ci;

--
-- Dumping data for table `users`
--

INSERT INTO `users` (`id`, `parent_id`, `name`, `last_name`, `email`, `email_verified_at`, `password`, `remember_token`, `admission_number`, `roll_number`, `class_id`, `gender`, `date_of_birth`, `caste`, `religion`, `mobile_number`, `occupation`, `admission_date`, `profile_pic`, `blood_group`, `height`, `weight`, `user_type`, `is_delete`, `status`, `address`, `marital_status`, `permanent_address`, `qualification`, `work_experience`, `note`, `created_at`, `updated_at`) VALUES
(1, NULL, 'Admin', NULL, 'admin@gmail.com', NULL, '$2y$10$Ff2j89dXDarzL55Wf6gAnOIQkL0cUx.a34RIkQwOcLC..9coPNwZ2', 'AVs09tlhc60pJZ0IPKYXBhOQmu2f0tp8PQ4CAXKN34tLDZNRHgsFh17Vsx37', NULL, NULL, NULL, NULL, NULL, NULL, NULL, NULL, NULL, NULL, '20241213031043wdbonl6cxewumkjtyrcniqit7hfxch.jpg', NULL, NULL, NULL, 1, 0, 0, NULL, NULL, NULL, NULL, NULL, NULL, '2023-11-15 04:42:53', '2025-01-18 13:36:20'),
(2, NULL, 'Teacher', NULL, 'teacher@gmail.com', NULL, '$2y$10$XxGH9TXv3ey.7JG12RorA.EcWtIq7nGEWgOslXHRGRUhLIMDM49QO', '24FsKwBgtJWUznsis0e3aqWWmgei9wCrobcV9PjxOR501bGwDrbIUUBImzVX', NULL, NULL, NULL, NULL, NULL, NULL, NULL, NULL, NULL, NULL, NULL, NULL, NULL, NULL, 2, 0, 0, NULL, NULL, NULL, NULL, NULL, NULL, '2023-11-15 04:42:53', '2024-11-24 11:49:05'),
(3, NULL, 'Student', NULL, 'student@gmail.com', NULL, '$2y$10$w77pPYXj4WBRsQylDRv.le8Ozp2bDS3kRc0JVsdhxwAMifDhZs8yC', NULL, NULL, NULL, NULL, NULL, NULL, NULL, NULL, NULL, NULL, NULL, NULL, NULL, NULL, NULL, 3, 0, 0, NULL, NULL, NULL, NULL, NULL, NULL, '2023-11-15 04:42:53', '2024-11-28 12:17:41'),
(4, NULL, 'Parent', NULL, 'parent@gmail.com', NULL, '$2y$10$Ff2j89dXDarzL55Wf6gAnOIQkL0cUx.a34RIkQwOcLC..9coPNwZ2', NULL, NULL, NULL, NULL, NULL, NULL, NULL, NULL, NULL, NULL, NULL, NULL, NULL, NULL, NULL, 4, 0, 0, NULL, NULL, NULL, NULL, NULL, NULL, '2023-11-15 04:42:53', '2025-01-19 09:41:20'),
(5, NULL, 'ali', 'Nabi', 'ali@gmail.com', NULL, '$2y$10$O2UpXKUL3F04zkh.qF0Fw.YWEzw/5pQch1lnbm4oQn81LaZ1UKTHa', NULL, NULL, NULL, NULL, NULL, NULL, NULL, NULL, NULL, NULL, NULL, '202412130310596cbtbzthbtmxigrqi9yrmg62p5bjap.jpg', NULL, NULL, NULL, 1, 0, 0, NULL, NULL, NULL, NULL, NULL, NULL, '2024-11-25 04:17:20', '2024-12-13 10:51:32'),
(6, NULL, 'Wali', 'Walizada', 'wali@gmail.com', NULL, '$2y$10$o1Gf3fAH31JRxAa59n0g9OH0SJpLj3lxH3FPzV2hVRCJV6itRYsNS', NULL, NULL, NULL, NULL, NULL, NULL, NULL, NULL, NULL, NULL, NULL, '20241213031117quu0zeqfk4wzmajmzcp794t5rvgvsg.jpg', NULL, NULL, NULL, 1, 0, 0, NULL, NULL, NULL, NULL, NULL, NULL, '2024-11-25 04:46:25', '2024-12-13 10:51:20'),
(7, NULL, 'Abas', 'Tangtil', 'abas3@gmail.com', NULL, '$2y$10$RgBcjwmj9up0jALLY4HXqumHv418boDi0V0NPdsZlbt4anGtwU2xa', NULL, NULL, NULL, NULL, NULL, NULL, NULL, NULL, NULL, NULL, NULL, '20241213031210iadptn5tv71tgersyipfgu4snwxxq4.jpg', NULL, NULL, NULL, 1, 0, 0, NULL, NULL, NULL, NULL, NULL, NULL, '2024-11-25 07:20:07', '2025-01-01 01:20:55'),
(8, NULL, 'Najeeb', 'Sawz', 'najeeb@gmail.com', NULL, '$2y$10$7Et5yxBXk24tG7Seb1Q8jezECsPt82FwXeYesnmvGY09Bodvlh8Ga', NULL, NULL, NULL, NULL, NULL, NULL, NULL, NULL, NULL, NULL, NULL, '202412130311521ccpncbcxzb5ukdthr3jpac9lkluae.jpg', NULL, NULL, NULL, 1, 0, 0, NULL, NULL, NULL, NULL, NULL, NULL, '2024-11-26 00:21:44', '2024-12-13 10:50:55'),
(9, NULL, 'Qassim', 'Ebrahimi', 'qassim@yahoo.com', NULL, '$2y$10$/PEOX5hlq9i2LL8xQvGm6OMdvN0xC7.koFVf5N3Vv/cFSzxh9DJRq', NULL, NULL, NULL, NULL, NULL, NULL, NULL, NULL, NULL, NULL, NULL, '20241213031137ueu5o5vbes2fijaapawb2qxcbykcko.jpg', NULL, NULL, NULL, 1, 0, 0, NULL, NULL, NULL, NULL, NULL, NULL, '2024-11-26 05:19:11', '2024-12-13 10:50:42'),
(10, NULL, 'abdullah', 'Abdullahi', 'abdullah@gmail.com', NULL, '$2y$10$M0Ltq1PdfGPITpRH9EAg4.zsk/WY7tCRu9b9EeCZcQ2.iiAG4gc3i', NULL, NULL, NULL, NULL, NULL, NULL, NULL, NULL, NULL, NULL, NULL, '20241213031023b13ppjcgwt6hh6egjttopljo719qas.jpg', NULL, NULL, NULL, 1, 0, 0, NULL, NULL, NULL, NULL, NULL, NULL, '2024-11-26 05:19:30', '2024-12-13 10:50:26'),
(11, NULL, 'Hassan', 'Hassani', 'hassan@gmail.com', NULL, '$2y$10$FnRssSyLTndE66s1Vv.scedLT6iVFgPh5WZumqG.RO2gVuj243Qpe', NULL, NULL, NULL, NULL, NULL, NULL, NULL, NULL, NULL, NULL, NULL, '202412130310077jaugrnisklqe1lmd2brpxmdgazpj7.jpg', NULL, NULL, NULL, 1, 0, 0, NULL, NULL, NULL, NULL, NULL, NULL, '2024-11-26 05:19:47', '2024-12-13 10:50:12'),
(12, NULL, 'Farhad', 'Babak', 'farhad@gmail.com', NULL, '$2y$10$Cs7VTXwOhLgcJ6Jo0EHZFuWJtpH0tYuKPS6sy45YulbtEgcM0xrXu', NULL, NULL, NULL, NULL, NULL, NULL, NULL, NULL, NULL, NULL, NULL, '20241213030948ef7impjmkat5fzsoobam1lko4ayuto.jpg', NULL, NULL, NULL, 1, 0, 0, NULL, NULL, NULL, NULL, NULL, NULL, '2024-11-26 05:20:01', '2025-01-21 01:17:22'),
(13, NULL, 'Alyssa', 'Yamamoto', 'yamamoto@gmail.com', NULL, '$2y$10$bragHdLV1jg3ZuemXaT.2OpUs7NnQkzvhQ9j0UdNgjmCVT5DOSrRm', NULL, NULL, NULL, NULL, NULL, NULL, NULL, NULL, NULL, NULL, NULL, '20241213030854icqo8jlaqzlorkrohdtqlwmpvbsv1y.jpg', NULL, NULL, NULL, 1, 0, 0, NULL, NULL, NULL, NULL, NULL, NULL, '2024-11-26 05:20:18', '2025-01-19 04:31:22'),
(14, NULL, 'Amir Khan', 'Hussaini', 'amir@gmail.com', NULL, '$2y$10$csaQR1Qm6mSVHYW4iJD02uAIKGV4XO0JBngqKIzQgNsagsWD7qQsi', NULL, NULL, NULL, NULL, NULL, NULL, NULL, NULL, NULL, NULL, NULL, '20241213030838hlcmubeufindstdz1qv5ngkr7ngqdx.jpg', NULL, NULL, NULL, 1, 0, 0, NULL, NULL, NULL, NULL, NULL, NULL, '2024-11-26 05:48:07', '2024-12-13 10:49:40'),
(15, NULL, 'nasir', 'Kachalo', 'nasir@gmail.com', NULL, '$2y$10$wOdNwXsdSUxwJb/M24bcXuWUDM0wl0UwouvNcztBNYA3zgvl6.C/u', NULL, NULL, NULL, NULL, NULL, NULL, NULL, NULL, NULL, NULL, NULL, '20241213030825ow2v0z2jlla1wtgva1uuauih3ahywz.jpeg', NULL, NULL, NULL, 1, 0, 0, NULL, NULL, NULL, NULL, NULL, NULL, '2024-11-26 05:55:30', '2024-12-13 10:49:11'),
(16, NULL, 'farzana', 'Farzan', 'farzana@gmail.com', NULL, '$2y$10$lO/m81pOhOsDFsWLEOjwe.ctXpjNO1aC3A54Qw4coH9bWmYm7656K', NULL, NULL, NULL, NULL, NULL, NULL, NULL, NULL, NULL, NULL, NULL, '20250116050236x5d7nmuatywka7tqi5sa9e3fn5lyir.jpg', NULL, NULL, NULL, 1, 0, 0, NULL, NULL, NULL, NULL, NULL, NULL, '2024-11-26 09:38:11', '2025-01-16 00:32:36'),
(17, NULL, 'Hussain', 'Hussaini', 'hussain@gmail.com', NULL, '$2y$10$AHoSiFR9qdajadCoN.2wKOU522a9b0TBIEI4mkeZJONQkWVxN5A6u', NULL, NULL, NULL, NULL, NULL, NULL, NULL, NULL, NULL, NULL, NULL, '20250116050324tmivp4smempnzqmmjp4q1rsh0ksnlc.jpg', NULL, NULL, NULL, 1, 0, 0, NULL, NULL, NULL, NULL, NULL, NULL, '2024-11-26 09:42:01', '2025-01-16 00:33:24'),
(18, NULL, 'mohsin', 'Mohsincha', 'mohsin@gmail.com', NULL, '$2y$10$k39FqcaW7zo4m70R5QAbHuowRCv9qJ3ju2DqlajKN88HIde5LVFF.', NULL, NULL, NULL, NULL, NULL, NULL, NULL, NULL, NULL, NULL, NULL, '20241213030736h4q903gswf3rpwnhfudlryqotlfmec.jpg', NULL, NULL, NULL, 1, 0, 0, NULL, NULL, NULL, NULL, NULL, NULL, '2024-11-26 09:42:53', '2024-12-13 10:48:33'),
(19, NULL, 'Asadullah', 'Gawhari', 'asadullah.gawhari@gmail.com', NULL, '$2y$10$a5zqjaTSzAgPSseh.fyIZebXh8KxNXxKO5ViSbbnoJtWddP.5PA8e', NULL, NULL, NULL, NULL, NULL, NULL, NULL, NULL, NULL, NULL, NULL, '20241213040121hry2m5typv2rfnja2c1gd94gkxzlu2.jpg', NULL, NULL, NULL, 1, 0, 0, NULL, NULL, NULL, NULL, NULL, NULL, '2024-11-28 11:34:06', '2025-01-21 05:10:18'),
(20, 35, 'Asadullah', 'Gawhari', 'asad@gmail.com', NULL, '$2y$10$sAzW9i943CmyJTsIvvYCZehkSEyrTVSG6z.JgcRklvQkZyHIG80Sq', NULL, '456', '01', 9, 'Male', '2024-11-28', 'B0001', 'i', '0782903010', NULL, '2024-11-27', '20241130112132rhtkjiye5ndwpbtnelhlrspggug337.jpg', 'ORH+-1-1', '165', '155', 3, 0, 1, NULL, NULL, NULL, NULL, NULL, NULL, '2024-11-29 05:55:24', '2024-12-01 10:24:00'),
(21, 35, 'Asif', 'Daizang', 'hassani12@gmail.com', NULL, '$2y$10$KugDxMSBe.xCWbkJSY3xBOlbXBwvh7aH169cIMngsmSU6EPLx2nOu', NULL, '456', '5', 8, 'Male', '2024-11-29', 'B0001', 'i', '0782903010', NULL, '2024-12-07', '20241130112029eyvbvov84iar3czyzlendohh6g3nwp.jpg', 'ORH+', '120', '01', 3, 0, 0, NULL, NULL, NULL, NULL, NULL, NULL, '2024-11-29 06:02:09', '2025-01-21 02:20:56'),
(22, 35, 'Asadullah', 'Gawhari', 'asad3@gmail.com', NULL, '$2y$10$43xRSz.yKUNP.Rfb/t2aWuw1XzCogOkpL4XtSG1uT9qns.aKQrEkm', NULL, '456', '02', 10, 'Male', '2024-11-27', 'B0001', 'i', '0782903010', NULL, '2024-11-26', 'riqflvqnv8njjp8my5w4.jpg', 'ORH+-1-1', '165', '155', 3, 0, 0, NULL, NULL, NULL, NULL, NULL, NULL, '2024-11-29 06:04:52', '2024-12-01 10:24:09'),
(23, 37, 'Asadullah', 'Gawhari', 'asad1@gmail.com', NULL, '$2y$10$xCPyTS5LWiToruKLk0WBSOMqLZ1a2urGpbKhRJz.odTrxBEbYGUIC', NULL, '456', '02', 2, 'Male', '2024-11-30', 'B0001', 'Islam', '0782903010', NULL, '2024-12-06', '202411301046160h0o0jkr02kpdyteek9nejqtqc91ez.jpg', 'ORH+-1', '165', '155', 3, 0, 0, NULL, NULL, NULL, NULL, NULL, NULL, '2024-11-29 06:06:00', '2024-12-15 08:31:12'),
(24, 35, 'Asadullah', 'Gawhari', 'asad2@gmail.com', NULL, '$2y$10$bvOoE7QW16N0qqkzvbeZP.BBzZ4bArftbnaTACuS7kdUSn4TvSxg.', NULL, '01', '02', 5, 'Male', '2024-11-28', 'B0001-1=2', 'Islam', '0782903010', NULL, '2024-11-29', 'z9ccc1np1sohjabtztzd.jpg', 'O', '120', '55', 3, 0, 1, NULL, NULL, NULL, NULL, NULL, NULL, '2024-11-29 06:06:35', '2024-12-01 09:57:46'),
(25, 35, 'Asadullah', 'Gawhari', 'asad4@gmail.com', NULL, '$2y$10$zfScA0qRXgLuadhBxaNF5evXqHGs79/7KPRLFzuGgQ6CXWfxLNd8W', NULL, '456', '02', 8, 'Male', '2024-11-05', 'B0001', 'i', '0782903010', NULL, '2024-11-13', '202501160505287gublwbe7gezyt2qkyrtmcbhxtfc7t.jpeg', 'ORH+-1', '165', '55', 3, 0, 0, NULL, NULL, NULL, NULL, NULL, NULL, '2024-11-29 06:09:42', '2025-01-16 00:35:28'),
(26, 35, 'Asadullah', 'Gawhari', 'asad6@gmail.com', NULL, '$2y$10$mYcDLcfbd.NwzQyJ3jO2euw5uCJ5Q3xJqhrTQl9skxjaEE42CmREu', NULL, '456', '01', 4, 'Male', '2024-11-13', 'B0001-1', 'i', '0782903010', NULL, '2024-11-28', '20241129021342pjhopjdabpednms1shkfnijtlwzuzc.jpg', 'ORH+-1-1', '165', '55', 3, 0, 0, NULL, NULL, NULL, NULL, NULL, NULL, '2024-11-29 09:43:42', '2024-12-22 10:08:25'),
(27, 37, 'Gurban', 'Sawz', 'gurban@gmail.com', NULL, '$2y$10$zGQW220XkrysSXcQX7acrebb8U6vS.m0ccgvGtcAQbt8ZXyEd6Gq.', NULL, '005', '2', 1, 'Male', '2024-11-01', 'B0001-1', 'Islam', '0782903010', NULL, '2024-11-21', '20241130101137u7vw1omgadwoog8hteecwzka622kia.jpg', 'ORH+-1', '165', '55', 3, 0, 0, NULL, NULL, NULL, NULL, NULL, NULL, '2024-11-29 09:46:00', '2024-12-13 11:20:59'),
(28, 35, 'Asadullah', 'Gawhari', 'asad7@gmail.com', NULL, '$2y$10$m/aU646zGmdTa5AO9Cy0budHUxNQVXIq5tl.XnUv7vr5HokNwc4ri', NULL, '01', '02', 12, 'Female', '2024-11-28', 'B2', 'Islam', '0782903010', NULL, '2024-11-30', '20241130101047jpptpsejghuyagnawlbaehxn4fuqs4.jpg', 'O', '120', '155-1', 3, 0, 1, NULL, NULL, NULL, NULL, NULL, NULL, '2024-11-29 09:46:53', '2024-12-24 01:22:19'),
(29, 4, 'Shazia', 'Sediqi', 'asad8@gmail.com', NULL, '$2y$10$ZfoR94WRtssjkMI8BtT5Uu3.FDSjQrgfdpbaNYi/B2dvxr00hfun6', NULL, '456', '5', 7, 'Female', '2024-11-12', 'B0001-1', 'Islam', '0782903010', NULL, '2024-11-19', '20241130072132tqqdor4vxpicdjq1hoszpm1gpumtlo.jpg', 'ORH+-1', '120', '55', 3, 0, 0, NULL, NULL, NULL, NULL, NULL, NULL, '2024-11-29 09:47:29', '2024-12-01 10:20:09'),
(30, 4, 'Nasir', 'Hussaini', 'nasir1@gmail.com', NULL, '$2y$10$fWs7c8xYrVRU20g8RbdQp.JAnkU.pVaoEwr61d1qkA/yYWT2qARwq', NULL, '23', '23', 3, 'Male', '2024-12-03', '2', 'Islam', '0782903010', NULL, '2024-11-28', '20241203111643zpzrhanjgxyulne7jyuyhnn1slzfj6.jpg', 'O+', '170', '15', 3, 0, 0, NULL, NULL, NULL, NULL, NULL, NULL, '2024-11-30 06:20:31', '2024-12-03 06:46:43'),
(31, 37, 'Qassim', 'Ebrahimi', 'qassim@gmail.com', NULL, '$2y$10$NtarrReS8axSkP/PslSL5OyIVH0PidXMiBd71mT.4G2ZSVTjXOdbG', NULL, '12', '12', 5, 'Female', '2024-11-01', 'B0001-1', 'Islam', '0782903010', NULL, '2024-11-29', '20241130105804lrpmiipp3h68qnlfwaetn6munf2xpd.jpg', 'ORH+-1-1', '165', '55', 3, 0, 0, NULL, NULL, NULL, NULL, NULL, NULL, '2024-11-30 06:27:14', '2024-12-01 10:23:00'),
(32, 37, 'Hamid', 'Lashmak', 'hamid@gmail.com', NULL, '$2y$10$lelZac.TpY.2T4DxB.TNX./zXBB6IXpy138oaFzX44lBRca5HSNWq', NULL, '01', '5', 3, 'Other', '2024-11-30', 'B0001', 'Islam', '0782903010', NULL, '2024-11-02', '20241130110621znflicdlgkm1pnzoe52bxgzucqoybw.jpg', 'ORH+-1', '120', '55', 3, 0, 0, NULL, NULL, NULL, NULL, NULL, NULL, '2024-11-30 06:34:12', '2024-12-13 11:20:26'),
(33, NULL, 'Asadullah', 'Gawhari', 'ali10@gmail.com', NULL, '$2y$10$qSM3MdFjxja4Sx8fai9go.5ym1S8cc3k.cdLugpuTY/57tP7OjzBO', NULL, '01', '02', 3, 'Male', '2024-11-29', 'B2', 'Islam', '0779191815', NULL, '2024-11-30', '20241130110521h2xsxvmwlwlfwpdvt0qa8ttn93zcnl.jpg', 'ORH+-1', '165', '155', 3, 0, 0, NULL, NULL, NULL, NULL, NULL, NULL, '2024-11-30 06:35:03', '2024-12-22 09:45:56'),
(34, 37, 'Asif', 'Daizang', 'asif@gmail.com', NULL, '$2y$10$VCIG0A0AEzRdKj3ieV00jONVnpCO8NQ4PxqcBK6Cwo/mqJ//qbd.S', NULL, '456', '02', 3, 'Other', '2024-12-02', 'B2', 'Islam', '0782903010', NULL, '2024-12-26', '20241130061551vvu93xinbvfye3krj0qlqvwwwtd2zo.jpg', 'ORH+-1', '120', '155', 3, 0, 0, NULL, NULL, NULL, NULL, NULL, NULL, '2024-11-30 13:21:42', '2025-01-20 06:47:34'),
(35, NULL, 'Asadullah', 'Gawhari', 'ali20@gmail.com', NULL, '$2y$10$isEcKi.VEwD6nn34/Cm7RuVdS/Sxc66/VpQHVmxYdRPI89xJMLSYS', NULL, NULL, NULL, NULL, 'Male', NULL, NULL, NULL, '0782903010', 'Finance', NULL, '202412010922355kjtzxmn5gvuvlvllvgl.jpg', NULL, NULL, NULL, 4, 0, 1, 'Kabul Afghanistan', NULL, NULL, NULL, NULL, NULL, '2024-12-01 04:52:35', '2024-12-01 04:52:35'),
(36, NULL, 'Wali', 'Walizada', 'wali21@gmail.com', NULL, '$2y$10$.ucD6XuWrg0oPzJATJs/fOCl93O1svhfUdJ7SRaqn.wfrCCaT6KUG', NULL, NULL, NULL, NULL, 'Other', NULL, NULL, NULL, '0779191815', 'Teacher', NULL, '20250116050610qdzbkrt1kqzfavyuw2tuvldmkmymhz.jpg', NULL, NULL, NULL, 4, 0, 0, 'Jalalabad Afghanistan', NULL, NULL, NULL, NULL, NULL, '2024-12-01 05:04:21', '2025-01-16 00:36:10'),
(37, NULL, 'Amir Khan', 'Hassani', 'amirkhan@gmail.com', NULL, '$2y$10$ka/nQQvep4MtjLcANByMgOs87CjV1YIcEjwBKr4MhxAzpdjy5/kGa', NULL, NULL, NULL, NULL, 'Male', NULL, NULL, NULL, '0782903010', 'Naldawan', NULL, '20241203113524kyxna4e68wkpq97tfqxv8n3voagpox.jpg', NULL, NULL, NULL, 4, 0, 0, 'Kabul Afghanistan', NULL, NULL, NULL, NULL, NULL, '2024-12-01 05:57:11', '2025-01-20 10:37:24'),
(38, NULL, 'Ghulam', 'Baghlani', 'asad5@gmail.com', NULL, '$2y$10$DoVVvTLjF.IGg/SWWCg3Muk1QroIhGT1Aa1TucSVxhzLwbIA1wBoW', NULL, NULL, NULL, NULL, 'Male', '2000-07-12', NULL, NULL, '0782903010', NULL, '2024-12-02', '20241202040946hceahbwpzlophbk9n4e1jvkcmtrcrd.jpg', NULL, NULL, NULL, 2, 0, 1, 'Kabul Afghanistan', 'single', 'Test', 'test', 'Test', 'test', '2024-12-02 10:59:22', '2024-12-04 10:06:15'),
(39, NULL, 'Hamid', 'Hamid', 'asad19@gmail.com', NULL, '$2y$10$ve7kabMJGX3r7JdxdkDcp.2xLUfzCL3iwFf797fJxcdiTclT/PWlm', NULL, NULL, NULL, NULL, 'Male', NULL, NULL, NULL, '0782903010', NULL, NULL, '20241202040934b1vxv47iywfmagnwgvbimp2nvvudnu.jpg', NULL, NULL, NULL, 2, 0, 1, 'Kabul Afghanistan', 'single', 'Test', 'test', '4', 'test-1', '2024-12-02 11:02:23', '2024-12-04 10:05:57'),
(40, NULL, 'Najeeb', 'Hussaini', 'najeeb1@gmail.com', NULL, '$2y$10$F7cQpmLygBtX8Yn5sw5INORgHpCwvzvV1wD4tX6XfrB5qLqom23nW', NULL, NULL, NULL, NULL, 'Male', '2024-12-04', NULL, NULL, '0779191815', NULL, '2024-12-01', '20250116050432ldww5rubud8havpec08vbnax0zidsn.jpg', NULL, NULL, NULL, 2, 0, 1, 'Kabul Afghanistan', 'single', 'Kabul', 'Admin', '5', '1', '2024-12-02 11:06:20', '2025-01-16 00:34:32'),
(41, NULL, 'Asadullah', 'Gawhari', 'asad24@gmail.com', NULL, '$2y$10$Bt0kEjWdYN0i99nlIihWQeuN2ivmfea3mt/bYVY6EXHqMQl.15qQC', NULL, NULL, NULL, NULL, 'Male', '2024-12-26', NULL, NULL, '0782903010', NULL, '2024-12-24', '20250116050342iasjtatqmgboyt5hydnz8fnbqhjaj4.JPG', NULL, NULL, NULL, 2, 0, 1, 'Kabul Afghanistan', 'single', 'Kabul', 'Admin', '4-1', 'Test current T', '2024-12-02 11:09:34', '2025-01-18 11:06:57'),
(42, NULL, 'Nasir', 'Hussaini', 'nasir2@gmail.com', NULL, '$2y$10$EvQ8a9bVPhYV92oF66hvTeh6xkwsgyv.5wV5VgSIm.4TEzzogfSGW', NULL, NULL, NULL, NULL, 'Female', '2025-01-04', NULL, NULL, '0782903010', NULL, '2025-01-29', '20241202041041j24lsmpanqpiclwjivwf.jpg', NULL, NULL, NULL, 2, 0, 1, 'Kabul Afghanistan', 'single', 'Kabul', 'Admin', '4-1', '5', '2024-12-02 11:40:41', '2024-12-10 00:08:16'),
(43, NULL, 'Alyssa', 'Yamamoto', 'alyssa@gmail.com', NULL, '$2y$10$efs0ILmkDnoKUUFlkbiVHe.u5MCn.F406i/Fz2HbgNSz3rdFf7tpG', NULL, NULL, NULL, NULL, 'Male', '2024-12-01', NULL, NULL, '0782903010', NULL, '2024-12-10', '202412100618518rh6am5ndju6wnyyrg74.png', NULL, NULL, NULL, 2, 0, 0, 'Kabul Afghanistan', 'single', 'Kabul', 'test', '3', 'test', '2024-12-10 01:48:51', '2025-01-20 10:16:10'),
(44, NULL, 'Habib', 'Habibi', 'habibi@gmail.com', NULL, '$2y$10$ESwjVsoQJX0LpafnR0b./O0WTS5L4tnkQ0DcHhNEItNArxTjOzvuO', NULL, NULL, NULL, NULL, NULL, NULL, NULL, NULL, NULL, NULL, NULL, '20250116050221y4npbzp8ciuuclx0rqv1wlfavgxrda.jpg', NULL, NULL, NULL, 1, 0, 0, NULL, NULL, NULL, NULL, NULL, NULL, '2024-12-13 10:42:57', '2025-01-16 00:32:21'),
(45, NULL, 'Setayesh', 'Saifi', 'setayesh@gmail.com', NULL, '$2y$10$50DLm2.mr95A/hiXa064cu7AlcIOEe4wxFRTSkp/hZsr6DQEncKVe', NULL, '00003', '02', 3, 'Female', '2016-05-09', 'B0001', 'Islam', '0782903010', NULL, '2025-01-03', '20250103020614nkuvj9omirzbshjv0ulu.jpg', 'ORH+', '165', '55', 3, 0, 0, NULL, NULL, NULL, NULL, NULL, NULL, '2025-01-03 09:36:14', '2025-01-20 01:30:22'),
(46, NULL, 'Mujtaba', 'Fazli', 'mujtaba@gmail.com', NULL, '$2y$10$SAPGuylr16RmDlOGdq.ah.4nmpoUU6RNctXyUkBJWM4xa4/o1BSB6', NULL, NULL, NULL, NULL, 'Male', NULL, NULL, NULL, '0782903010', 'Finance Manager', NULL, '20250116050711w7od6c1aozk8wj8iympf.jpeg', NULL, NULL, NULL, 4, 0, 0, 'Kabul Afghanistan', NULL, NULL, NULL, NULL, NULL, '2025-01-16 00:37:11', '2025-01-16 00:37:11');

-- --------------------------------------------------------

--
-- Table structure for table `week`
--

DROP TABLE IF EXISTS `week`;
CREATE TABLE IF NOT EXISTS `week` (
  `id` int NOT NULL AUTO_INCREMENT,
  `name` varchar(255) CHARACTER SET utf8mb4 COLLATE utf8mb4_general_ci DEFAULT NULL,
  `fullcalendar_day` int NOT NULL DEFAULT '0',
  `created_at` timestamp NULL DEFAULT NULL,
  `updated_at` timestamp NULL DEFAULT NULL,
  PRIMARY KEY (`id`)
) ENGINE=MyISAM AUTO_INCREMENT=8 DEFAULT CHARSET=utf8mb4 COLLATE=utf8mb4_general_ci;

--
-- Dumping data for table `week`
--

INSERT INTO `week` (`id`, `name`, `fullcalendar_day`, `created_at`, `updated_at`) VALUES
(1, 'Monday', 1, NULL, NULL),
(2, 'Tuesday', 2, NULL, NULL),
(3, 'Wednesday', 3, NULL, NULL),
(4, 'Thursday', 4, NULL, NULL),
(5, 'Friday', 5, NULL, NULL),
(6, 'Saturday', 6, NULL, NULL),
(7, 'Sunday', 0, NULL, NULL);
COMMIT;

/*!40101 SET CHARACTER_SET_CLIENT=@OLD_CHARACTER_SET_CLIENT */;
/*!40101 SET CHARACTER_SET_RESULTS=@OLD_CHARACTER_SET_RESULTS */;
/*!40101 SET COLLATION_CONNECTION=@OLD_COLLATION_CONNECTION */;
